race_id,checked_at,n_bets
2026-07-05-01-03,2026-07-05T16:16:01+09:00,1
2026-07-05-09-12,2026-07-05T16:16:22+09:00,0
2026-07-05-13-12,2026-07-05T16:16:43+09:00,0
2026-07-05-12-10,2026-07-05T19:27:24+09:00,3
2026-07-05-24-05,2026-07-05T19:27:44+09:00,2
2026-07-05-07-10,2026-07-05T19:46:33+09:00,1
2026-07-05-24-06,2026-07-05T19:46:54+09:00,1
2026-07-05-01-11,2026-07-05T19:58:44+09:00,2
2026-07-05-12-11,2026-07-05T19:59:05+09:00,0
2026-07-05-07-11,2026-07-05T20:03:20+09:00,1
2026-07-05-01-12,2026-07-05T20:24:33+09:00,0
2026-07-05-12-12,2026-07-05T20:24:54+09:00,0
2026-07-07-12-12,2026-07-07T20:25:01+09:00,0
2026-07-07-20-12,2026-07-07T20:25:21+09:00,1
2026-07-08-01-05,2026-07-08T17:28:48+09:00,0
2026-07-08-24-01,2026-07-08T17:29:08+09:00,0
2026-07-09-20-12,2026-07-09T20:28:50+09:00,1
2026-07-10-19-07,2026-07-10T20:17:34+09:00,0
2026-07-11-02-12,2026-07-11T16:20:02+09:00,0
2026-07-11-03-12,2026-07-11T16:20:22+09:00,1
2026-07-11-09-12,2026-07-11T16:20:44+09:00,0
2026-07-11-15-03,2026-07-11T16:21:04+09:00,3
2026-07-11-19-06,2026-07-11T19:48:01+09:00,1
2026-07-12-15-05,2026-07-12T17:24:02+09:00,1
2026-07-12-20-05,2026-07-12T17:24:22+09:00,1
2026-07-12-19-08,2026-07-12T20:44:27+09:00,1
2026-07-13-15-12,2026-07-13T20:25:59+09:00,0
2026-07-14-01-03,2026-07-14T16:19:02+09:00,0
2026-07-14-03-12,2026-07-14T16:19:21+09:00,0
2026-07-14-09-12,2026-07-14T16:19:40+09:00,0
2026-07-14-24-08,2026-07-14T20:56:25+09:00,1
2026-07-15-03-12,2026-07-15T16:21:51+09:00,1
2026-07-15-12-04,2026-07-15T16:22:11+09:00,1
2026-07-15-13-12,2026-07-15T16:22:31+09:00,0
2026-07-16-05-12,2026-07-16T17:17:00+09:00,0
2026-07-16-24-11,2026-07-16T22:05:43+09:00,2
2026-07-17-01-04,2026-07-17T16:31:19+09:00,1
2026-07-17-07-04,2026-07-17T16:31:38+09:00,2
2026-07-17-11-12,2026-07-17T16:31:59+09:00,0
2026-07-17-12-04,2026-07-17T16:32:19+09:00,1
2026-07-17-13-12,2026-07-17T16:32:40+09:00,1
2026-07-18-01-03,2026-07-18T16:07:05+09:00,0
2026-07-18-07-03,2026-07-18T16:07:26+09:00,1
2026-07-18-08-12,2026-07-18T16:07:45+09:00,0
2026-07-18-12-03,2026-07-18T16:08:05+09:00,1
2026-07-18-16-09,2026-07-18T16:08:24+09:00,1
2026-07-18-01-11,2026-07-18T19:48:53+09:00,0
2026-07-18-12-11,2026-07-18T19:49:11+09:00,0
2026-07-19-12-05,2026-07-19T17:23:18+09:00,0
2026-07-19-20-05,2026-07-19T17:23:40+09:00,1
2026-07-19-22-11,2026-07-19T17:24:00+09:00,0
2026-07-19-19-12,2026-07-19T20:38:37+09:00,0
2026-07-19-20-12,2026-07-19T20:38:58+09:00,0
2026-07-20-12-10,2026-07-20T19:24:24+09:00,1
2026-07-20-15-10,2026-07-20T19:24:43+09:00,0
2026-07-21-10-03,2026-07-21T09:14:35+09:00,1
2026-07-21-10-05,2026-07-21T10:10:52+09:00,0
2026-07-21-05-05,2026-07-21T13:29:30+09:00,0
2026-07-21-09-07,2026-07-21T13:29:49+09:00,1
2026-07-21-23-11,2026-07-21T13:30:12+09:00,0
2026-07-21-05-10,2026-07-21T16:06:30+09:00,0
2026-07-21-16-09,2026-07-21T16:06:52+09:00,0
2026-07-21-22-09,2026-07-21T16:07:10+09:00,1
2026-07-21-12-08,2026-07-21T18:34:42+09:00,1
2026-07-21-15-08,2026-07-21T18:35:02+09:00,0
2026-07-21-12-12,2026-07-21T20:27:22+09:00,0
2026-07-21-15-12,2026-07-21T20:27:45+09:00,0
2026-07-21-20-12,2026-07-21T20:28:06+09:00,0
2026-07-22-10-03,2026-07-22T09:11:29+09:00,0
2026-07-22-10-05,2026-07-22T10:08:45+09:00,1
2026-07-22-23-05,2026-07-22T10:09:06+09:00,0
2026-07-22-05-05,2026-07-22T13:29:47+09:00,1
2026-07-22-09-07,2026-07-22T13:30:10+09:00,1
2026-07-22-13-08,2026-07-22T13:30:29+09:00,1
2026-07-22-14-11,2026-07-22T13:30:50+09:00,1
2026-07-22-05-10,2026-07-22T16:08:28+09:00,1
2026-07-22-13-12,2026-07-22T16:08:49+09:00,0
2026-07-22-16-09,2026-07-22T16:09:09+09:00,0
2026-07-22-22-09,2026-07-22T16:09:30+09:00,2
2026-07-22-15-08,2026-07-22T18:35:03+09:00,0
2026-07-22-15-12,2026-07-22T20:27:51+09:00,1
2026-07-23-21-03,2026-07-23T09:13:55+09:00,1
2026-07-23-14-05,2026-07-23T10:18:02+09:00,3
2026-07-23-23-05,2026-07-23T10:18:22+09:00,1
2026-07-23-13-08,2026-07-23T13:36:51+09:00,1
2026-07-23-22-04,2026-07-23T13:37:11+09:00,1
2026-07-23-01-03,2026-07-23T16:13:24+09:00,1
2026-07-23-03-12,2026-07-23T16:13:46+09:00,0
2026-07-23-05-10,2026-07-23T16:14:05+09:00,0
2026-07-23-09-12,2026-07-23T16:14:27+09:00,0
2026-07-23-13-12,2026-07-23T16:14:46+09:00,0
2026-07-23-22-09,2026-07-23T16:15:08+09:00,0
2026-07-23-01-08,2026-07-23T18:37:33+09:00,0
2026-07-23-15-08,2026-07-23T18:37:54+09:00,0
2026-07-23-01-12,2026-07-23T20:28:55+09:00,1
2026-07-23-15-12,2026-07-23T20:29:14+09:00,0
2026-07-24-21-03,2026-07-24T09:11:57+09:00,0
2026-07-24-21-05,2026-07-24T10:11:03+09:00,0
2026-07-24-23-05,2026-07-24T10:11:25+09:00,1
2026-07-24-06-05,2026-07-24T13:29:05+09:00,0
2026-07-24-14-11,2026-07-24T13:29:27+09:00,0
2026-07-24-17-06,2026-07-24T13:29:45+09:00,0
2026-07-24-23-11,2026-07-24T13:30:06+09:00,0
2026-07-24-06-10,2026-07-24T16:04:57+09:00,2
2026-07-24-17-11,2026-07-24T16:05:19+09:00,0
2026-07-24-22-09,2026-07-24T16:05:38+09:00,0
2026-07-24-01-08,2026-07-24T18:29:01+09:00,0
2026-07-24-24-03,2026-07-24T18:29:20+09:00,0
2026-07-24-01-12,2026-07-24T20:17:11+09:00,1
2026-07-24-24-07,2026-07-24T20:17:33+09:00,0
2026-07-24-24-10,2026-07-24T21:47:07+09:00,0
2026-07-25-21-03,2026-07-25T09:16:38+09:00,1
2026-07-25-23-03,2026-07-25T09:16:59+09:00,1
2026-07-25-14-05,2026-07-25T10:18:23+09:00,0
2026-07-25-23-05,2026-07-25T10:18:42+09:00,0
2026-07-25-02-07,2026-07-25T13:31:19+09:00,1
2026-07-25-06-05,2026-07-25T13:31:40+09:00,0
2026-07-25-14-11,2026-07-25T13:32:01+09:00,0
2026-07-25-17-06,2026-07-25T13:32:20+09:00,0
2026-07-25-23-11,2026-07-25T13:32:39+09:00,0
2026-07-25-03-11,2026-07-25T15:39:09+09:00,0
2026-07-25-08-11,2026-07-25T15:39:31+09:00,0
2026-07-25-12-02,2026-07-25T15:39:50+09:00,0
2026-07-25-13-11,2026-07-25T15:40:09+09:00,0
2026-07-25-01-06,2026-07-25T17:36:03+09:00,0
2026-07-25-04-12,2026-07-25T17:36:26+09:00,0
2026-07-25-24-01,2026-07-25T17:36:46+09:00,1
2026-07-25-15-09,2026-07-25T19:12:54+09:00,0
2026-07-25-20-09,2026-07-25T19:13:13+09:00,0
2026-07-25-15-12,2026-07-25T20:35:34+09:00,1
2026-07-25-20-12,2026-07-25T20:35:54+09:00,1
2026-07-26-21-03,2026-07-26T09:13:10+09:00,1
2026-07-26-14-05,2026-07-26T10:17:21+09:00,1
2026-07-26-23-05,2026-07-26T10:17:42+09:00,0
2026-07-26-03-07,2026-07-26T13:44:36+09:00,1
2026-07-26-04-05,2026-07-26T13:44:58+09:00,1
2026-07-26-08-08,2026-07-26T13:45:16+09:00,1
2026-07-26-13-08,2026-07-26T13:45:36+09:00,0
2026-07-26-01-03,2026-07-26T16:21:46+09:00,0
2026-07-26-02-12,2026-07-26T16:22:06+09:00,1
2026-07-26-03-12,2026-07-26T16:22:26+09:00,0
2026-07-26-06-11,2026-07-26T16:22:47+09:00,1
2026-07-26-12-03,2026-07-26T16:23:09+09:00,1
2026-07-26-01-08,2026-07-26T18:27:58+09:00,0
2026-07-26-20-07,2026-07-26T18:28:19+09:00,0
2026-07-26-01-11,2026-07-26T19:57:34+09:00,1
2026-07-26-12-11,2026-07-26T19:57:56+09:00,0
2026-07-27-21-03,2026-07-27T09:11:48+09:00,1
2026-07-27-14-05,2026-07-27T10:21:05+09:00,2
2026-07-27-06-06,2026-07-27T13:57:28+09:00,1
2026-07-27-09-08,2026-07-27T13:57:47+09:00,3
2026-07-27-10-12,2026-07-27T13:58:10+09:00,1
2026-07-27-17-07,2026-07-27T13:58:32+09:00,0
2026-07-27-01-05,2026-07-27T17:21:24+09:00,1
2026-07-27-12-05,2026-07-27T17:21:42+09:00,0
2026-07-28-21-03,2026-07-28T09:17:35+09:00,1
2026-07-28-21-05,2026-07-28T10:13:08+09:00,0
2026-07-28-09-07,2026-07-28T13:29:34+09:00,0
2026-07-28-10-11,2026-07-28T13:29:55+09:00,1
2026-07-28-16-05,2026-07-28T13:30:16+09:00,0
2026-07-28-03-12,2026-07-28T16:11:34+09:00,1
2026-07-28-09-12,2026-07-28T16:11:55+09:00,0
2026-07-28-15-03,2026-07-28T16:12:15+09:00,2
2026-07-28-16-10,2026-07-28T16:12:34+09:00,1
2026-07-28-17-11,2026-07-28T16:12:56+09:00,0
2026-07-28-19-08,2026-07-28T18:44:48+09:00,0
2026-07-28-20-08,2026-07-28T18:45:08+09:00,0
2026-07-29-10-03,2026-07-29T09:13:50+09:00,0
2026-07-29-10-05,2026-07-29T10:11:04+09:00,0
2026-07-29-23-05,2026-07-29T10:11:25+09:00,0
2026-07-29-09-07,2026-07-29T13:27:45+09:00,0
2026-07-29-17-06,2026-07-29T13:28:06+09:00,1
2026-07-29-18-11,2026-07-29T13:28:27+09:00,0
2026-07-29-23-11,2026-07-29T13:28:48+09:00,0
2026-07-29-09-12,2026-07-29T16:12:55+09:00,0
2026-07-29-15-03,2026-07-29T16:13:16+09:00,0
2026-07-29-16-10,2026-07-29T16:13:39+09:00,0
2026-07-29-15-09,2026-07-29T18:50:33+09:00,0
2026-07-29-19-08,2026-07-29T18:50:52+09:00,1
2026-07-30-10-03,2026-07-30T09:14:19+09:00,0
2026-07-30-10-05,2026-07-30T10:05:13+09:00,0
2026-07-30-04-04,2026-07-30T13:15:09+09:00,0
2026-07-30-10-11,2026-07-30T13:15:30+09:00,2
2026-07-30-22-03,2026-07-30T13:15:51+09:00,0
2026-07-30-23-11,2026-07-30T13:16:13+09:00,0
2026-07-30-15-02,2026-07-30T15:42:18+09:00,2
2026-07-30-24-02,2026-07-30T15:42:39+09:00,0
2026-07-30-19-07,2026-07-30T18:19:47+09:00,0
2026-07-30-24-07,2026-07-30T18:20:06+09:00,0
2026-07-30-15-12,2026-07-30T20:23:12+09:00,0
2026-07-30-24-12,2026-07-30T20:23:32+09:00,0
2026-07-31-10-03,2026-07-31T09:16:39+09:00,0
2026-07-31-23-03,2026-07-31T09:16:58+09:00,1
2026-07-31-18-05,2026-07-31T10:17:45+09:00,0
2026-07-31-23-05,2026-07-31T10:18:06+09:00,0
2026-07-31-05-06,2026-07-31T13:43:35+09:00,1
2026-07-31-10-12,2026-07-31T13:43:55+09:00,0
2026-07-31-22-04,2026-07-31T13:44:15+09:00,2
2026-07-31-05-11,2026-07-31T16:36:45+09:00,0
2026-07-31-16-10,2026-07-31T16:37:05+09:00,0
2026-07-31-19-03,2026-07-31T16:37:25+09:00,0
2026-07-31-20-03,2026-07-31T16:37:45+09:00,0
2026-07-31-20-09,2026-07-31T19:10:20+09:00,0
2026-07-31-24-09,2026-07-31T19:10:39+09:00,0
2026-08-01-10-03,2026-08-01T09:14:08+09:00,1
2026-08-01-18-05,2026-08-01T10:18:52+09:00,0
2026-08-01-23-05,2026-08-01T10:19:14+09:00,1
2026-08-01-05-06,2026-08-01T13:38:40+09:00,1
2026-08-01-08-07,2026-08-01T13:39:00+09:00,2
2026-08-01-11-07,2026-08-01T13:39:21+09:00,0
2026-08-01-08-12,2026-08-01T16:09:13+09:00,0
2026-08-01-13-12,2026-08-01T16:09:34+09:00,0
2026-08-01-15-03,2026-08-01T16:09:56+09:00,0
2026-08-01-16-09,2026-08-01T16:10:16+09:00,0
2026-08-01-15-07,2026-08-01T18:17:03+09:00,0
2026-08-01-20-07,2026-08-01T18:17:21+09:00,1
2026-08-01-01-11,2026-08-01T19:50:06+09:00,1
2026-08-02-21-03,2026-08-02T09:10:47+09:00,2
2026-08-02-23-05,2026-08-02T10:17:05+09:00,0
2026-08-02-05-06,2026-08-02T13:39:54+09:00,1
2026-08-02-06-06,2026-08-02T13:40:14+09:00,0
2026-08-02-01-03,2026-08-02T16:15:33+09:00,2
2026-08-02-08-12,2026-08-02T16:15:54+09:00,0
2026-08-02-13-12,2026-08-02T16:16:13+09:00,0
2026-08-02-15-03,2026-08-02T16:16:34+09:00,0
2026-08-02-20-07,2026-08-02T18:21:55+09:00,1
2026-08-02-01-11,2026-08-02T19:55:51+09:00,1
2026-08-02-15-11,2026-08-02T19:56:11+09:00,0
2026-08-03-21-03,2026-08-03T09:11:23+09:00,2
2026-08-03-23-05,2026-08-03T10:16:58+09:00,0
2026-08-03-04-05,2026-08-03T13:49:03+09:00,1
2026-08-03-05-06,2026-08-03T13:49:24+09:00,0
2026-08-03-08-08,2026-08-03T13:49:46+09:00,0
2026-08-03-17-07,2026-08-03T13:50:08+09:00,0
2026-08-03-21-12,2026-08-03T13:50:27+09:00,0
2026-08-03-04-11,2026-08-03T17:06:10+09:00,1
2026-08-03-05-12,2026-08-03T17:06:32+09:00,0
2026-08-03-19-05,2026-08-03T17:06:52+09:00,0
2026-08-03-20-05,2026-08-03T17:07:10+09:00,1
2026-08-03-19-12,2026-08-03T20:38:26+09:00,0
2026-08-04-10-03,2026-08-04T09:18:50+09:00,0
2026-08-04-13-01,2026-08-04T10:19:57+09:00,0
2026-08-04-21-05,2026-08-04T10:20:17+09:00,0
2026-08-04-06-06,2026-08-04T13:34:23+09:00,1
2026-08-04-17-06,2026-08-04T13:34:45+09:00,0
2026-08-04-21-11,2026-08-04T13:35:06+09:00,1
2026-08-04-01-04,2026-08-04T16:19:37+09:00,1
2026-08-04-06-11,2026-08-04T16:19:58+09:00,0
2026-08-04-13-12,2026-08-04T16:20:17+09:00,0
2026-08-04-12-09,2026-08-04T19:01:07+09:00,1
2026-08-04-19-09,2026-08-04T19:01:27+09:00,1
2026-08-05-10-03,2026-08-05T09:15:58+09:00,0
2026-08-05-10-05,2026-08-05T10:09:38+09:00,1
2026-08-05-05-05,2026-08-05T13:25:01+09:00,1
2026-08-05-09-07,2026-08-05T13:25:19+09:00,0
2026-08-05-10-11,2026-08-05T13:25:40+09:00,1
2026-08-05-05-10,2026-08-05T16:09:04+09:00,1
2026-08-05-09-12,2026-08-05T16:09:25+09:00,0
2026-08-05-12-03,2026-08-05T16:09:45+09:00,2
2026-08-05-17-11,2026-08-05T16:10:07+09:00,0
2026-08-05-19-03,2026-08-05T16:10:27+09:00,0
2026-08-05-01-09,2026-08-05T18:44:46+09:00,1
2026-08-06-10-03,2026-08-06T09:12:47+09:00,1
2026-08-06-10-05,2026-08-06T10:07:02+09:00,0
2026-08-06-09-07,2026-08-06T13:23:53+09:00,0
2026-08-06-10-11,2026-08-06T13:24:15+09:00,0
2026-08-06-09-12,2026-08-06T16:10:45+09:00,0
2026-08-06-19-03,2026-08-06T16:11:04+09:00,1
2026-08-06-24-03,2026-08-06T16:11:26+09:00,1
2026-08-06-12-09,2026-08-06T18:48:29+09:00,0
2026-08-07-09-03,2026-08-07T11:22:09+09:00,0
2026-08-07-14-07,2026-08-07T11:22:28+09:00,0
2026-08-07-17-02,2026-08-07T11:22:48+09:00,1
2026-08-07-04-04,2026-08-07T13:15:18+09:00,0
2026-08-07-09-07,2026-08-07T13:15:37+09:00,0
2026-08-07-14-10,2026-08-07T13:15:59+09:00,0
2026-08-07-17-06,2026-08-07T13:16:19+09:00,0
2026-08-07-04-07,2026-08-07T14:51:49+09:00,1
2026-08-07-09-10,2026-08-07T14:52:09+09:00,0
2026-08-07-17-09,2026-08-07T14:52:29+09:00,1
2026-08-07-04-09,2026-08-07T15:57:10+09:00,1
2026-08-07-12-03,2026-08-07T15:57:29+09:00,0
2026-08-07-15-03,2026-08-07T15:57:51+09:00,0
2026-08-07-17-11,2026-08-07T15:58:12+09:00,0
2026-08-07-24-03,2026-08-07T15:58:32+09:00,2
2026-08-07-04-11,2026-08-07T17:04:27+09:00,1
2026-08-07-20-05,2026-08-07T17:04:46+09:00,0
2026-08-07-24-05,2026-08-07T17:05:08+09:00,0
2026-08-07-12-08,2026-08-07T18:13:33+09:00,1
2026-08-07-15-08,2026-08-07T18:13:55+09:00,0
2026-08-07-19-07,2026-08-07T18:14:16+09:00,1
2026-08-07-12-10,2026-08-07T19:11:43+09:00,1
2026-08-07-19-09,2026-08-07T19:12:03+09:00,0
2026-08-07-19-11,2026-08-07T20:08:39+09:00,0
2026-08-07-20-11,2026-08-07T20:08:59+09:00,0
2026-08-08-10-02,2026-08-08T08:46:51+09:00,0
2026-08-08-14-02,2026-08-08T08:54:56+09:00,1
2026-08-08-10-04,2026-08-08T09:37:45+09:00,0
2026-08-08-02-03,2026-08-08T11:32:25+09:00,1
2026-08-08-14-07,2026-08-08T11:32:46+09:00,1
2026-08-08-18-03,2026-08-08T11:33:08+09:00,1
2026-08-08-05-04,2026-08-08T12:54:33+09:00,0
2026-08-08-09-06,2026-08-08T12:54:54+09:00,0
2026-08-08-10-10,2026-08-08T12:55:16+09:00,0
2026-08-08-17-05,2026-08-08T12:55:37+09:00,1
2026-08-08-04-05,2026-08-08T13:44:53+09:00,1
2026-08-08-14-11,2026-08-08T13:45:13+09:00,0
2026-08-08-16-07,2026-08-08T13:45:32+09:00,0
2026-08-08-05-07,2026-08-08T14:27:59+09:00,0
2026-08-08-09-09,2026-08-08T14:28:19+09:00,1
2026-08-08-05-08,2026-08-08T15:04:52+09:00,0
2026-08-08-12-01,2026-08-08T15:05:11+09:00,0
2026-08-08-17-09,2026-08-08T15:05:33+09:00,0
2026-08-08-18-10,2026-08-08T15:05:51+09:00,3
2026-08-08-05-10,2026-08-08T16:08:27+09:00,0
2026-08-08-09-12,2026-08-08T16:08:49+09:00,0
2026-08-08-12-03,2026-08-08T16:09:09+09:00,0
2026-08-08-15-03,2026-08-08T16:09:28+09:00,0
2026-08-08-20-03,2026-08-08T16:09:49+09:00,0
2026-08-08-04-11,2026-08-08T16:56:30+09:00,1
2026-08-08-12-05,2026-08-08T16:56:50+09:00,0
2026-08-08-15-05,2026-08-08T16:57:10+09:00,1
2026-08-08-24-05,2026-08-08T16:57:30+09:00,1
2026-08-08-12-06,2026-08-08T17:25:00+09:00,1
2026-08-08-15-06,2026-08-08T17:25:21+09:00,1
2026-08-08-24-06,2026-08-08T17:25:41+09:00,2
2026-08-08-12-08,2026-08-08T18:07:20+09:00,0
2026-08-08-19-07,2026-08-08T18:07:42+09:00,2
2026-08-08-20-07,2026-08-08T18:08:04+09:00,0
2026-08-08-15-09,2026-08-08T18:50:45+09:00,1
2026-08-08-24-09,2026-08-08T18:51:04+09:00,2
2026-08-08-12-10,2026-08-08T19:16:11+09:00,0
2026-08-08-15-10,2026-08-08T19:16:33+09:00,0
2026-08-08-12-11,2026-08-08T19:52:00+09:00,0
2026-08-08-15-11,2026-08-08T19:52:19+09:00,0
2026-08-08-12-12,2026-08-08T20:17:43+09:00,0
2026-08-09-23-01,2026-08-09T08:38:57+09:00,0
2026-08-09-10-02,2026-08-09T08:45:54+09:00,1
2026-08-09-23-02,2026-08-09T09:04:06+09:00,0
2026-08-09-05-01,2026-08-09T11:23:47+09:00,1
2026-08-09-13-03,2026-08-09T11:24:07+09:00,0
2026-08-09-14-07,2026-08-09T11:24:25+09:00,1
2026-08-09-18-03,2026-08-09T11:24:47+09:00,1
2026-08-09-03-05,2026-08-09T12:57:24+09:00,1
2026-08-09-05-04,2026-08-09T12:57:43+09:00,0
2026-08-09-09-06,2026-08-09T12:58:03+09:00,2
2026-08-09-14-10,2026-08-09T12:58:25+09:00,0
2026-08-09-18-06,2026-08-09T12:58:46+09:00,1
2026-08-09-05-06,2026-08-09T13:55:07+09:00,1
2026-08-09-09-08,2026-08-09T13:55:26+09:00,1
2026-08-09-10-12,2026-08-09T13:55:45+09:00,1
2026-08-09-13-08,2026-08-09T13:56:06+09:00,1
2026-08-09-16-07,2026-08-09T13:56:26+09:00,1
2026-08-09-02-09,2026-08-09T14:39:06+09:00,2
2026-08-09-03-09,2026-08-09T14:39:27+09:00,0
2026-08-09-18-09,2026-08-09T14:39:48+09:00,1
2026-08-09-05-09,2026-08-09T15:27:12+09:00,0
2026-08-09-09-11,2026-08-09T15:27:31+09:00,0
2026-08-09-12-02,2026-08-09T15:27:51+09:00,0
2026-08-09-13-11,2026-08-09T15:28:11+09:00,0
2026-08-09-16-10,2026-08-09T15:28:31+09:00,1
2026-08-09-20-01,2026-08-09T15:28:49+09:00,1
2026-08-09-15-04,2026-08-09T16:29:06+09:00,1
2026-08-09-18-12,2026-08-09T16:29:25+09:00,2
2026-08-09-20-05,2026-08-09T17:07:47+09:00,0
2026-08-09-24-05,2026-08-09T17:08:08+09:00,0
2026-08-09-15-07,2026-08-09T17:56:55+09:00,1
2026-08-09-24-07,2026-08-09T17:57:15+09:00,1
2026-08-09-15-08,2026-08-09T18:27:56+09:00,0
2026-08-09-24-08,2026-08-09T18:28:18+09:00,2
2026-08-09-20-09,2026-08-09T19:03:53+09:00,2
2026-08-09-24-09,2026-08-09T19:04:14+09:00,0
2026-08-09-12-11,2026-08-09T19:46:34+09:00,0
2026-08-10-23-01,2026-08-10T08:41:30+09:00,0
2026-08-10-21-02,2026-08-10T08:49:04+09:00,1
2026-08-10-21-04,2026-08-10T09:37:53+09:00,0
2026-08-10-23-03,2026-08-10T09:38:15+09:00,0
2026-08-10-03-03,2026-08-10T11:56:30+09:00,1
2026-08-10-05-02,2026-08-10T11:56:49+09:00,1
2026-08-10-08-04,2026-08-10T11:57:09+09:00,1
2026-08-10-14-08,2026-08-10T11:57:28+09:00,0
2026-08-10-16-03,2026-08-10T11:57:49+09:00,0
2026-08-10-18-04,2026-08-10T11:58:08+09:00,2
2026-08-10-03-06,2026-08-10T13:20:58+09:00,0
2026-08-10-05-05,2026-08-10T13:21:20+09:00,1
2026-08-10-09-07,2026-08-10T13:21:42+09:00,0
2026-08-10-13-07,2026-08-10T13:22:02+09:00,0
2026-08-10-16-06,2026-08-10T13:22:23+09:00,1
2026-08-10-21-11,2026-08-10T13:22:41+09:00,0
2026-08-10-03-09,2026-08-10T14:48:46+09:00,0
2026-08-10-08-10,2026-08-10T14:49:05+09:00,0
2026-08-10-13-10,2026-08-10T14:49:24+09:00,0
2026-08-10-16-09,2026-08-10T14:49:45+09:00,1
2026-08-10-08-12,2026-08-10T15:59:20+09:00,0
2026-08-10-15-03,2026-08-10T15:59:40+09:00,1
2026-08-10-16-11,2026-08-10T16:00:03+09:00,0
2026-08-10-24-03,2026-08-10T16:00:24+09:00,0
2026-08-10-15-06,2026-08-10T17:23:49+09:00,0
2026-08-10-24-06,2026-08-10T17:24:09+09:00,2
2026-08-10-24-09,2026-08-10T18:54:32+09:00,1
2026-08-10-15-11,2026-08-10T19:54:31+09:00,0
2026-08-10-24-11,2026-08-10T19:54:49+09:00,0
2026-08-10-20-12,2026-08-10T20:39:34+09:00,1
2026-08-11-21-02,2026-08-11T08:48:10+09:00,3
2026-08-11-23-02,2026-08-11T08:56:49+09:00,0
2026-08-11-21-04,2026-08-11T09:47:12+09:00,0
2026-08-11-23-04,2026-08-11T09:47:33+09:00,1
2026-08-11-03-03,2026-08-11T11:55:01+09:00,0
2026-08-11-05-02,2026-08-11T11:55:19+09:00,2
2026-08-11-06-02,2026-08-11T11:55:41+09:00,0
2026-08-11-08-04,2026-08-11T11:56:00+09:00,0
2026-08-11-18-04,2026-08-11T11:56:21+09:00,0
2026-08-11-04-04,2026-08-11T13:10:20+09:00,1
2026-08-11-13-07,2026-08-11T13:10:42+09:00,0
2026-08-11-16-06,2026-08-11T13:11:03+09:00,1
2026-08-11-23-10,2026-08-11T13:11:25+09:00,1
2026-08-11-03-08,2026-08-11T14:20:12+09:00,0
2026-08-11-04-06,2026-08-11T14:20:33+09:00,1
2026-08-11-06-07,2026-08-11T14:20:53+09:00,1
2026-08-11-16-08,2026-08-11T14:21:13+09:00,2
2026-08-11-23-12,2026-08-11T14:21:32+09:00,0
2026-08-11-01-01,2026-08-11T15:07:32+09:00,0
2026-08-11-03-10,2026-08-11T15:07:55+09:00,0
2026-08-11-15-01,2026-08-11T15:08:14+09:00,0
2026-08-11-18-10,2026-08-11T15:08:36+09:00,0
2026-08-11-01-04,2026-08-11T16:23:29+09:00,0
2026-08-11-04-10,2026-08-11T16:23:50+09:00,1
2026-08-11-06-11,2026-08-11T16:24:11+09:00,0
2026-08-11-18-12,2026-08-11T16:24:31+09:00,0
2026-08-11-04-12,2026-08-11T17:29:58+09:00,1
2026-08-11-07-06,2026-08-11T17:30:19+09:00,1
2026-08-11-19-01,2026-08-11T17:30:40+09:00,2
2026-08-11-07-08,2026-08-11T18:31:32+09:00,1
2026-08-11-19-03,2026-08-11T18:31:51+09:00,0
2026-08-11-20-08,2026-08-11T18:32:10+09:00,1
2026-08-11-15-10,2026-08-11T19:25:46+09:00,1
2026-08-11-19-05,2026-08-11T19:26:05+09:00,0
2026-08-11-19-07,2026-08-11T20:11:32+09:00,0
2026-08-11-20-11,2026-08-11T20:11:52+09:00,0
2026-08-12-21-02,2026-08-12T08:55:08+09:00,0
2026-08-12-23-02,2026-08-12T08:55:26+09:00,0
2026-08-12-02-03,2026-08-12T11:37:45+09:00,1
2026-08-12-03-02,2026-08-12T11:38:07+09:00,0
2026-08-12-13-04,2026-08-12T11:38:27+09:00,1
2026-08-12-16-03,2026-08-12T11:38:47+09:00,0
2026-08-12-21-08,2026-08-12T11:39:08+09:00,0
2026-08-12-03-06,2026-08-12T13:26:34+09:00,1
2026-08-12-06-05,2026-08-12T13:26:54+09:00,1
2026-08-12-08-07,2026-08-12T13:27:13+09:00,0
2026-08-12-16-06,2026-08-12T13:27:33+09:00,1
2026-08-12-04-07,2026-08-12T14:52:24+09:00,1
2026-08-12-06-08,2026-08-12T14:52:44+09:00,1
2026-08-12-08-10,2026-08-12T14:53:05+09:00,0
2026-08-12-01-03,2026-08-12T16:03:09+09:00,0
2026-08-12-04-09,2026-08-12T16:03:30+09:00,0
2026-08-12-07-03,2026-08-12T16:03:50+09:00,0
2026-08-12-16-11,2026-08-12T16:04:10+09:00,1
2026-08-12-22-09,2026-08-12T16:04:29+09:00,1
2026-08-12-24-03,2026-08-12T16:04:48+09:00,1
2026-08-12-07-06,2026-08-12T17:26:57+09:00,1
2026-08-12-19-01,2026-08-12T17:27:18+09:00,0
2026-08-12-24-06,2026-08-12T17:27:36+09:00,0
2026-08-12-20-08,2026-08-12T18:36:31+09:00,1
2026-08-12-24-08,2026-08-12T18:36:51+09:00,0
2026-08-12-20-10,2026-08-12T19:39:54+09:00,1
2026-08-12-01-12,2026-08-12T20:27:25+09:00,0
2026-08-12-07-12,2026-08-12T20:27:48+09:00,0
2026-08-12-24-12,2026-08-12T20:28:08+09:00,1
2026-08-12-19-09,2026-08-12T21:05:49+09:00,0
2026-08-13-21-02,2026-08-13T08:53:17+09:00,0
2026-08-13-23-02,2026-08-13T09:06:20+09:00,0
2026-08-13-02-03,2026-08-13T11:39:23+09:00,1
2026-08-13-21-08,2026-08-13T11:39:43+09:00,2
2026-08-13-06-05,2026-08-13T13:29:36+09:00,1
2026-08-13-08-07,2026-08-13T13:29:57+09:00,1
2026-08-13-13-07,2026-08-13T13:30:17+09:00,1
2026-08-13-22-04,2026-08-13T13:30:37+09:00,0
2026-08-13-04-07,2026-08-13T14:55:37+09:00,1
2026-08-13-06-08,2026-08-13T14:55:58+09:00,0
2026-08-13-08-10,2026-08-13T14:56:19+09:00,0
2026-08-13-16-09,2026-08-13T14:56:41+09:00,1
2026-08-13-07-03,2026-08-13T16:06:30+09:00,0
2026-08-13-16-11,2026-08-13T16:06:51+09:00,0
2026-08-13-22-09,2026-08-13T16:07:10+09:00,0
2026-08-13-24-03,2026-08-13T16:07:32+09:00,1
2026-08-13-01-07,2026-08-13T17:40:10+09:00,1
2026-08-13-04-12,2026-08-13T17:40:31+09:00,1
2026-08-13-24-06,2026-08-13T17:40:52+09:00,1
2026-08-13-01-09,2026-08-13T18:45:20+09:00,0
2026-08-13-12-09,2026-08-13T18:45:41+09:00,0
2026-08-13-19-06,2026-08-13T19:45:40+09:00,0
2026-08-13-24-10,2026-08-13T19:46:00+09:00,1
2026-08-13-07-12,2026-08-13T20:29:42+09:00,0
2026-08-13-12-12,2026-08-13T20:30:02+09:00,0
2026-08-13-19-09,2026-08-13T21:08:45+09:00,1
2026-08-14-10-02,2026-08-14T08:54:38+09:00,1
2026-08-14-21-02,2026-08-14T08:54:57+09:00,1
2026-08-14-23-02,2026-08-14T09:07:25+09:00,0
2026-08-14-02-03,2026-08-14T11:39:14+09:00,1
2026-08-14-10-08,2026-08-14T11:39:33+09:00,2
2026-08-14-03-06,2026-08-14T13:27:25+09:00,1
2026-08-14-08-07,2026-08-14T13:27:46+09:00,0
2026-08-14-10-11,2026-08-14T13:28:06+09:00,1
2026-08-14-17-06,2026-08-14T13:28:27+09:00,0
2026-08-14-21-11,2026-08-14T13:28:45+09:00,1
2026-08-14-04-07,2026-08-14T14:52:57+09:00,1
2026-08-14-06-08,2026-08-14T14:53:15+09:00,0
2026-08-14-08-10,2026-08-14T14:53:38+09:00,1
2026-08-14-01-03,2026-08-14T16:03:20+09:00,2
2026-08-14-04-09,2026-08-14T16:03:41+09:00,0
2026-08-14-08-12,2026-08-14T16:04:00+09:00,0
2026-08-14-12-03,2026-08-14T16:04:22+09:00,0
2026-08-14-24-03,2026-08-14T16:04:45+09:00,0
2026-08-14-07-06,2026-08-14T17:24:35+09:00,1
2026-08-14-12-06,2026-08-14T17:24:56+09:00,1
2026-08-14-22-11,2026-08-14T17:25:17+09:00,0
2026-08-14-07-08,2026-08-14T18:32:40+09:00,1
2026-08-14-24-08,2026-08-14T18:33:00+09:00,1
2026-08-14-07-10,2026-08-14T19:36:35+09:00,1
2026-08-14-24-10,2026-08-14T19:36:55+09:00,0
2026-08-14-01-12,2026-08-14T20:23:07+09:00,0
2026-08-14-12-12,2026-08-14T20:23:27+09:00,1
2026-08-14-19-07,2026-08-14T20:23:49+09:00,0
2026-08-14-19-12,2026-08-14T22:26:11+09:00,0
2026-08-15-21-01,2026-08-15T08:31:21+09:00,0
2026-08-15-18-01,2026-08-15T08:33:25+09:00,0
2026-08-15-10-02,2026-08-15T08:54:04+09:00,1
2026-08-15-21-02,2026-08-15T08:54:24+09:00,1
2026-08-15-18-03,2026-08-15T09:27:53+09:00,0
2026-08-15-21-03,2026-08-15T09:28:16+09:00,0
2026-08-15-08-02,2026-08-15T10:55:47+09:00,1
2026-08-15-11-02,2026-08-15T10:56:10+09:00,0
2026-08-15-18-06,2026-08-15T10:56:30+09:00,0
2026-08-15-21-06,2026-08-15T10:56:50+09:00,1
2026-08-15-02-03,2026-08-15T11:42:31+09:00,1
2026-08-15-04-01,2026-08-15T11:42:52+09:00,0
2026-08-15-09-04,2026-08-15T11:43:15+09:00,1
2026-08-15-10-08,2026-08-15T11:43:34+09:00,0
2026-08-15-03-04,2026-08-15T12:24:53+09:00,1
2026-08-15-05-03,2026-08-15T12:25:13+09:00,0
2026-08-15-06-03,2026-08-15T12:25:34+09:00,0
2026-08-15-08-05,2026-08-15T12:25:54+09:00,1
2026-08-15-11-05,2026-08-15T12:26:16+09:00,1
2026-08-15-21-09,2026-08-15T12:26:37+09:00,0
2026-08-15-02-06,2026-08-15T13:00:53+09:00,0
2026-08-15-03-05,2026-08-15T13:01:15+09:00,0
2026-08-15-05-04,2026-08-15T13:01:36+09:00,1
2026-08-15-08-06,2026-08-15T13:01:59+09:00,0
2026-08-15-11-06,2026-08-15T13:02:20+09:00,0
2026-08-15-18-10,2026-08-15T13:02:42+09:00,0
2026-08-15-21-10,2026-08-15T13:03:02+09:00,0
2026-08-15-03-06,2026-08-15T13:27:17+09:00,0
2026-08-15-05-05,2026-08-15T13:27:36+09:00,0
2026-08-15-08-07,2026-08-15T13:27:57+09:00,1
2026-08-15-10-11,2026-08-15T13:28:18+09:00,1
2026-08-15-11-07,2026-08-15T13:28:39+09:00,1
2026-08-15-17-06,2026-08-15T13:28:59+09:00,0
2026-08-15-03-07,2026-08-15T13:54:05+09:00,0
2026-08-15-05-06,2026-08-15T13:54:26+09:00,1
2026-08-15-08-08,2026-08-15T13:54:47+09:00,0
2026-08-15-17-07,2026-08-15T13:55:05+09:00,1
2026-08-15-03-08,2026-08-15T14:15:01+09:00,1
2026-08-15-04-06,2026-08-15T14:15:23+09:00,0
2026-08-15-06-07,2026-08-15T14:15:44+09:00,0
2026-08-15-09-09,2026-08-15T14:16:04+09:00,2
2026-08-15-18-12,2026-08-15T14:16:25+09:00,0
2026-08-15-21-12,2026-08-15T14:16:45+09:00,1
2026-08-15-02-09,2026-08-15T14:43:14+09:00,2
2026-08-15-03-09,2026-08-15T14:43:34+09:00,1
2026-08-15-06-08,2026-08-15T14:43:52+09:00,1
2026-08-15-09-10,2026-08-15T14:44:13+09:00,1
2026-08-15-11-09,2026-08-15T14:44:34+09:00,1
2026-08-15-17-08,2026-08-15T14:44:54+09:00,3
2026-08-15-05-08,2026-08-15T15:01:51+09:00,2
2026-08-15-12-01,2026-08-15T15:02:12+09:00,1
2026-08-15-17-09,2026-08-15T15:02:31+09:00,0
2026-08-15-22-07,2026-08-15T15:02:50+09:00,1
2026-08-15-01-03,2026-08-15T15:54:03+09:00,0
2026-08-15-04-09,2026-08-15T15:54:25+09:00,0
2026-08-15-11-11,2026-08-15T15:54:45+09:00,1
2026-08-15-12-03,2026-08-15T15:55:05+09:00,2
2026-08-15-17-11,2026-08-15T15:55:23+09:00,0
2026-08-15-01-04,2026-08-15T16:21:19+09:00,1
2026-08-15-02-12,2026-08-15T16:21:39+09:00,0
2026-08-15-03-12,2026-08-15T16:22:00+09:00,0
2026-08-15-06-11,2026-08-15T16:22:18+09:00,1
2026-08-15-11-12,2026-08-15T16:22:40+09:00,1
2026-08-15-12-04,2026-08-15T16:23:00+09:00,1
2026-08-15-01-05,2026-08-15T16:47:42+09:00,1
2026-08-15-22-10,2026-08-15T16:48:05+09:00,1
2026-08-15-04-11,2026-08-15T17:02:21+09:00,1
2026-08-15-07-05,2026-08-15T17:02:41+09:00,1
2026-08-15-12-05,2026-08-15T17:03:01+09:00,0
2026-08-15-01-07,2026-08-15T17:40:42+09:00,0
2026-08-15-22-12,2026-08-15T17:41:02+09:00,0
2026-08-15-24-06,2026-08-15T17:41:24+09:00,1
2026-08-15-07-07,2026-08-15T18:00:42+09:00,0
2026-08-15-19-02,2026-08-15T18:01:04+09:00,0
2026-08-15-24-07,2026-08-15T18:01:25+09:00,0
2026-08-15-12-08,2026-08-15T18:24:05+09:00,2
2026-08-15-19-03,2026-08-15T18:24:26+09:00,1
2026-08-15-01-09,2026-08-15T18:46:35+09:00,0
2026-08-15-12-09,2026-08-15T18:46:56+09:00,0
2026-08-15-07-09,2026-08-15T19:00:08+09:00,0
2026-08-15-19-04,2026-08-15T19:00:28+09:00,0
2026-08-15-01-10,2026-08-15T19:19:12+09:00,1
2026-08-15-19-05,2026-08-15T19:19:31+09:00,0
2026-08-15-19-06,2026-08-15T19:43:04+09:00,0
2026-08-15-24-10,2026-08-15T19:43:25+09:00,0
2026-08-15-01-11,2026-08-15T19:59:50+09:00,1
2026-08-15-07-11,2026-08-15T20:00:11+09:00,0
2026-08-15-12-11,2026-08-15T20:00:32+09:00,0
2026-08-15-01-12,2026-08-15T20:16:55+09:00,0
2026-08-15-19-07,2026-08-15T20:17:17+09:00,0
2026-08-15-07-12,2026-08-15T20:34:57+09:00,0
2026-08-15-24-12,2026-08-15T20:35:16+09:00,1
2026-08-15-19-08,2026-08-15T20:50:45+09:00,0
2026-08-15-19-10,2026-08-15T21:32:14+09:00,0
2026-08-16-10-01,2026-08-16T08:29:48+09:00,0
2026-08-16-14-01,2026-08-16T08:30:09+09:00,0
2026-08-16-10-02,2026-08-16T08:50:45+09:00,1
2026-08-16-14-02,2026-08-16T09:00:49+09:00,0
2026-08-16-18-02,2026-08-16T09:01:10+09:00,0
2026-08-16-09-01,2026-08-16T10:13:30+09:00,0
2026-08-16-10-05,2026-08-16T10:13:51+09:00,0
2026-08-16-14-05,2026-08-16T10:14:12+09:00,0
2026-08-16-02-03,2026-08-16T11:36:25+09:00,2
2026-08-16-10-08,2026-08-16T11:36:48+09:00,0
2026-08-16-11-03,2026-08-16T11:37:06+09:00,1
2026-08-16-17-03,2026-08-16T11:37:27+09:00,0
2026-08-16-02-05,2026-08-16T12:30:10+09:00,2
2026-08-16-06-03,2026-08-16T12:30:33+09:00,0
2026-08-16-11-05,2026-08-16T12:30:51+09:00,0
2026-08-16-17-05,2026-08-16T12:31:11+09:00,0
2026-08-16-18-09,2026-08-16T12:31:33+09:00,0
2026-08-16-02-06,2026-08-16T13:08:59+09:00,2
2026-08-16-09-07,2026-08-16T13:09:20+09:00,0
2026-08-16-11-06,2026-08-16T13:09:39+09:00,0
2026-08-16-18-10,2026-08-16T13:10:00+09:00,0
2026-08-16-22-03,2026-08-16T13:10:21+09:00,0
2026-08-16-04-05,2026-08-16T13:47:05+09:00,0
2026-08-16-09-08,2026-08-16T13:47:25+09:00,1
2026-08-16-18-11,2026-08-16T13:47:46+09:00,1
2026-08-16-02-08,2026-08-16T14:08:26+09:00,2
2026-08-16-11-08,2026-08-16T14:08:46+09:00,0
2026-08-16-14-12,2026-08-16T14:09:06+09:00,0
2026-08-16-02-09,2026-08-16T14:38:52+09:00,1
2026-08-16-11-09,2026-08-16T14:39:14+09:00,0
2026-08-16-17-09,2026-08-16T14:39:37+09:00,0
2026-08-16-05-08,2026-08-16T14:59:00+09:00,1
2026-08-16-06-08,2026-08-16T14:59:21+09:00,0
2026-08-16-22-07,2026-08-16T14:59:40+09:00,0
2026-08-16-01-02,2026-08-16T15:29:00+09:00,0
2026-08-16-04-08,2026-08-16T15:29:22+09:00,1
2026-08-16-05-09,2026-08-16T15:29:41+09:00,0
2026-08-16-06-09,2026-08-16T15:30:02+09:00,1
2026-08-16-09-11,2026-08-16T15:30:22+09:00,0
2026-08-16-12-02,2026-08-16T15:30:42+09:00,1
2026-08-16-05-10,2026-08-16T16:09:01+09:00,0
2026-08-16-07-03,2026-08-16T16:09:19+09:00,1
2026-08-16-09-12,2026-08-16T16:09:40+09:00,0
2026-08-16-22-09,2026-08-16T16:10:00+09:00,1
2026-08-16-24-03,2026-08-16T16:10:22+09:00,1
2026-08-16-05-11,2026-08-16T16:40:55+09:00,0
2026-08-16-07-04,2026-08-16T16:41:14+09:00,1
2026-08-16-17-12,2026-08-16T16:41:37+09:00,0
2026-08-16-24-04,2026-08-16T16:41:59+09:00,1
2026-08-16-01-05,2026-08-16T16:59:21+09:00,0
2026-08-16-04-11,2026-08-16T16:59:43+09:00,2
2026-08-16-06-12,2026-08-16T17:00:02+09:00,1
2026-08-16-07-05,2026-08-16T17:00:23+09:00,0
2026-08-16-12-05,2026-08-16T17:00:45+09:00,0
2026-08-16-01-06,2026-08-16T17:21:41+09:00,0
2026-08-16-05-12,2026-08-16T17:22:00+09:00,0
2026-08-16-07-06,2026-08-16T17:22:20+09:00,0
2026-08-16-12-06,2026-08-16T17:22:42+09:00,1
2026-08-16-22-11,2026-08-16T17:23:03+09:00,0
2026-08-16-07-07,2026-08-16T17:51:11+09:00,0
2026-08-16-12-07,2026-08-16T17:51:32+09:00,2
2026-08-16-22-12,2026-08-16T17:51:53+09:00,0
2026-08-16-01-08,2026-08-16T18:12:23+09:00,0
2026-08-16-24-07,2026-08-16T18:12:43+09:00,0
2026-08-16-01-09,2026-08-16T18:43:15+09:00,1
2026-08-16-12-09,2026-08-16T18:43:34+09:00,0
2026-08-16-24-08,2026-08-16T18:43:55+09:00,0
2026-08-16-07-09,2026-08-16T19:00:45+09:00,0
2026-08-16-19-04,2026-08-16T19:01:06+09:00,0
2026-08-16-01-10,2026-08-16T19:22:03+09:00,2
2026-08-16-12-10,2026-08-16T19:22:22+09:00,0
2026-08-16-19-05,2026-08-16T19:22:44+09:00,0
2026-08-16-19-06,2026-08-16T19:45:45+09:00,0
2026-08-16-24-10,2026-08-16T19:46:06+09:00,2
2026-08-16-07-11,2026-08-16T20:00:23+09:00,0
2026-08-16-12-11,2026-08-16T20:00:43+09:00,0
2026-08-16-01-12,2026-08-16T20:18:38+09:00,1
2026-08-16-19-07,2026-08-16T20:18:58+09:00,0
2026-08-16-07-12,2026-08-16T20:36:55+09:00,1
2026-08-16-24-12,2026-08-16T20:37:14+09:00,0
2026-08-16-19-08,2026-08-16T20:51:47+09:00,1
2026-08-16-19-09,2026-08-16T21:12:47+09:00,0
2026-08-16-19-11,2026-08-16T22:01:13+09:00,0
2026-08-17-10-01,2026-08-17T08:29:18+09:00,0
2026-08-17-14-01,2026-08-17T08:29:39+09:00,0
