phase,race_id,fetched_at,t1,t2,t3,t4,t5,t6,s123,s124,s125,s126,s132,s134,s135,s136,s142,s143,s145,s146,s152,s153,s154,s156,s162,s163,s164,s165,s213,s214,s215,s216,s231,s234,s235,s236,s241,s243,s245,s246,s251,s253,s254,s256,s261,s263,s264,s265,s312,s314,s315,s316,s321,s324,s325,s326,s341,s342,s345,s346,s351,s352,s354,s356,s361,s362,s364,s365,s412,s413,s415,s416,s421,s423,s425,s426,s431,s432,s435,s436,s451,s452,s453,s456,s461,s462,s463,s465,s512,s513,s514,s516,s521,s523,s524,s526,s531,s532,s534,s536,s541,s542,s543,s546,s561,s562,s563,s564,s612,s613,s614,s615,s621,s623,s624,s625,s631,s632,s634,s635,s641,s642,s643,s645,s651,s652,s653,s654
live,2026-07-05-01-12,2026-07-05T20:24:33+09:00,1.3,5.7,8.6,11.5,6.9,17.2,15.8,5.8,13.9,13.1,32.0,47.2,56.9,71.4,12.3,36.6,31.0,29.0,39.6,76.9,64.6,100.2,40.3,115.2,63.8,125.1,42.6,14.6,42.4,28.0,110.9,216.1,236.9,207.7,46.0,184.1,95.3,74.2,117.4,247.8,205.2,207.7,94.9,260.6,146.5,240.9,184.5,198.1,188.2,250.7,209.2,271.3,304.9,362.9,304.9,270.4,693.6,423.6,181.4,303.9,577.2,573.3,432.2,515.0,716.7,851.5,46.1,173.0,80.2,83.1,72.0,233.0,129.5,113.1,276.5,409.5,497.1,359.8,117.4,134.5,330.8,143.3,143.1,142.8,378.8,210.8,168.9,359.8,218.8,257.5,261.4,459.9,380.5,367.5,530.9,537.5,1011.0,914.9,292.5,319.7,851.5,352.4,704.9,581.1,1228.0,666.7,156.9,651.5,329.5,593.1,230.5,589.0,389.1,554.8,924.8,1023.0,704.9,1211.0,389.1,378.8,1061.0,699.2,914.9,627.7,1228.0,761.1
live,2026-07-05-12-12,2026-07-05T20:24:54+09:00,1.0,6.9,86.6,14.4,43.3,57.7,12.5,6.3,27.3,6.6,29.5,42.5,60.6,42.8,15.9,47.4,61.8,19.7,72.2,114.1,129.2,85.6,15.7,49.6,27.4,68.3,45.0,20.3,75.7,18.6,166.7,256.0,476.9,244.1,62.4,216.9,242.7,68.5,331.1,636.5,483.9,381.3,54.8,232.3,89.6,315.1,189.1,295.2,284.0,236.3,236.3,424.8,586.3,506.4,516.0,488.3,1194.0,644.0,506.4,711.2,908.8,979.5,454.4,764.4,720.6,1128.0,79.1,312.1,231.0,98.1,114.4,443.3,375.1,124.8,740.1,746.9,929.4,636.5,384.9,453.1,956.6,379.5,115.0,114.2,379.5,270.8,380.4,534.5,566.0,376.9,684.4,1329.0,924.2,730.2,714.3,1351.0,1308.0,1308.0,684.4,826.1,1652.0,727.0,586.3,956.6,1652.0,1016.0,55.3,237.0,136.5,251.2,84.1,362.7,163.4,382.2,498.7,667.6,576.0,1229.0,167.0,199.2,641.5,456.9,554.5,667.6,1308.0,656.9
live,2026-07-07-12-12,2026-07-07T20:25:01+09:00,1.2,0.0,3.6,5.4,21.7,0.0,8.9,16.0,31.2,9.1,11.8,14.2,25.1,14.9,23.4,25.9,39.7,25.7,60.3,49.6,72.9,60.2,29.1,32.0,38.1,61.4,66.7,90.4,138.7,70.9,133.9,217.1,312.1,224.1,210.6,279.6,399.5,266.8,317.8,466.1,613.3,587.5,170.9,317.8,271.0,618.7,65.0,73.8,80.7,62.2,119.9,187.4,347.8,180.2,160.7,233.0,298.8,211.8,221.2,353.1,426.3,434.2,146.8,227.7,265.8,510.3,97.9,109.2,129.9,85.3,173.9,328.2,408.8,230.7,200.3,416.1,466.1,293.7,267.8,339.4,434.2,281.9,145.0,253.3,293.7,322.2,260.8,206.8,246.1,239.4,472.4,478.9,720.8,356.7,298.8,492.3,751.8,713.4,401.8,653.4,613.3,495.8,384.1,768.3,785.6,629.9,106.1,148.1,248.8,364.1,184.0,328.2,413.7,568.4,242.7,384.1,382.0,720.8,399.5,463.0,485.5,760.0,602.7,842.4,803.6,760.0
live,2026-07-07-20-12,2026-07-07T20:25:21+09:00,1.0,11.9,7.8,10.5,13.0,30.5,10.6,13.5,24.1,40.9,9.9,7.9,13.1,31.4,13.5,12.3,17.8,29.6,32.6,27.0,38.7,52.6,117.1,116.7,123.4,144.7,70.3,88.8,137.2,179.8,144.8,303.0,449.0,614.8,202.8,310.3,479.5,472.6,371.8,525.4,692.4,827.8,433.9,898.0,719.3,1097.0,55.5,43.1,57.6,110.0,128.8,235.5,308.7,459.4,94.6,207.0,211.3,270.3,149.2,328.5,329.6,362.2,357.4,563.4,687.5,593.8,82.8,73.4,88.5,146.7,171.2,303.3,359.6,373.7,130.7,285.7,296.6,413.9,155.0,291.1,309.0,288.5,339.4,484.2,635.9,480.3,207.8,159.6,191.3,265.5,398.3,611.0,834.8,687.5,247.7,576.5,561.2,689.1,329.2,729.9,662.9,655.6,590.3,1008.0,1011.0,994.4,471.9,633.2,809.7,1077.0,728.1,1703.0,1029.0,1683.0,864.0,1713.0,1340.0,1372.0,874.2,1047.0,1543.0,1512.0,1229.0,1713.0,1384.0,1535.0
live,2026-07-08-01-05,2026-07-08T17:28:48+09:00,1.5,0.0,6.0,0.0,6.0,3.0,29.6,48.1,24.0,21.1,52.8,106.8,50.4,55.5,143.7,178.8,108.7,116.6,22.0,40.9,51.4,14.2,22.8,35.2,85.3,22.4,85.6,148.1,53.7,48.9,160.9,284.0,209.9,157.7,256.8,274.3,256.8,236.6,101.0,232.1,262.4,61.2,94.3,150.8,243.8,76.6,160.9,221.4,96.1,193.1,202.8,209.9,134.1,190.1,251.4,287.4,219.4,340.0,177.5,219.4,262.4,181.5,197.8,256.8,254.1,157.7,248.8,301.7,145.4,140.3,251.4,241.4,209.9,229.9,313.5,335.3,402.3,305.6,167.6,254.1,344.9,191.6,229.9,271.2,317.6,254.1,48.0,91.1,84.4,28.1,79.1,135.6,201.1,56.8,163.1,211.7,416.2,144.5,223.5,246.3,524.8,201.1,29.3,41.6,87.4,137.9,40.9,100.1,142.0,31.8,66.3,106.3,172.4,48.4,204.6,223.5,185.7,188.6,330.7,268.2,335.3,229.9,34.0,50.5,106.8,153.7
live,2026-07-08-24-01,2026-07-08T17:29:08+09:00,1.1,5.0,20.2,20.2,10.1,20.2,10.1,5.3,10.1,14.9,36.9,44.0,87.3,106.1,20.0,60.0,55.9,74.4,40.1,102.8,84.3,98.7,66.8,144.4,112.2,166.4,40.0,15.7,25.5,32.9,106.7,155.9,196.4,255.1,50.1,187.1,71.6,131.8,84.6,239.5,115.5,183.6,139.3,272.8,192.6,245.5,106.1,130.1,135.4,163.7,140.3,165.0,316.8,392.9,159.7,200.4,503.7,491.1,385.2,392.9,479.1,701.6,248.6,516.9,467.7,595.3,62.1,170.8,106.7,153.4,78.8,202.5,135.4,236.6,175.4,370.6,633.7,613.9,153.4,159.7,427.0,288.9,293.2,311.8,613.9,417.9,91.3,178.5,163.7,154.6,135.4,338.7,149.9,242.5,332.9,392.9,595.3,561.3,218.2,178.5,577.8,370.6,306.9,479.1,561.3,561.3,148.8,228.4,297.6,297.6,196.4,297.6,332.9,370.6,71.9,633.7,467.7,577.8,370.6,350.8,701.6,727.6,491.1,595.3,727.6,545.7
live,2026-07-09-20-12,2026-07-09T20:28:50+09:00,1.0,0.0,8.5,6.3,0.0,38.2,15.1,22.2,42.9,48.1,10.5,6.5,16.4,20.0,20.0,14.0,28.8,35.0,67.1,46.5,67.1,115.2,81.2,55.6,68.8,121.2,45.2,58.0,193.7,242.0,126.4,317.2,535.2,519.2,231.4,377.3,595.6,526.0,486.0,750.0,1125.0,1047.0,523.7,773.9,710.5,1157.0,36.0,18.5,35.5,41.2,100.5,139.0,254.7,297.8,43.9,105.3,101.7,142.7,129.5,279.3,214.6,346.1,123.4,353.2,242.5,371.5,88.1,58.3,74.0,116.6,205.2,308.4,383.3,313.1,82.5,241.0,189.8,281.2,145.0,285.2,226.7,263.0,280.6,472.8,446.7,414.7,355.2,209.8,281.9,420.4,656.8,826.6,855.7,1038.0,294.9,702.3,530.6,789.0,307.6,570.4,530.6,508.4,706.4,1500.0,996.0,610.6,318.9,200.5,409.1,491.9,686.5,764.2,778.9,996.0,258.5,686.5,639.5,783.9,540.0,632.8,745.4,906.8,810.0,1320.0,1029.0,1365.0
live,2026-07-10-19-07,2026-07-10T20:17:34+09:00,1.0,26.1,15.2,45.7,91.5,22.8,15.3,24.6,92.4,30.5,12.6,10.4,49.5,12.4,29.1,18.6,94.0,23.8,154.9,147.1,184.4,201.7,43.6,25.8,41.1,161.1,50.0,70.8,173.1,77.9,88.1,143.0,309.2,113.3,163.2,234.4,518.5,199.4,479.0,572.3,638.7,638.7,185.9,223.7,298.8,643.4,42.9,27.9,94.3,26.5,89.7,129.4,282.5,118.4,56.2,114.3,302.9,66.1,303.9,340.3,487.0,381.5,61.1,138.1,85.8,293.8,72.1,50.1,128.8,44.2,153.8,227.1,333.8,174.5,67.4,164.1,216.0,82.8,240.1,413.8,368.8,261.5,71.9,149.9,93.9,235.6,540.7,400.6,498.0,440.7,747.0,759.8,947.8,787.0,540.7,728.4,787.0,816.1,753.4,1101.0,1259.0,753.4,740.7,947.8,947.8,1037.0,100.1,70.1,109.7,288.0,204.0,235.6,319.3,657.8,93.7,205.9,134.1,425.8,162.6,272.0,174.2,537.4,524.6,634.1,565.0,634.1
live,2026-07-11-02-12,2026-07-11T16:20:02+09:00,1.2,6.4,10.5,12.4,7.1,16.0,12.6,13.2,11.1,20.8,15.5,19.4,14.1,26.5,19.0,29.1,22.4,28.6,17.5,21.7,27.7,27.1,54.3,70.2,73.3,69.0,59.8,60.1,54.3,89.1,145.3,270.4,228.6,391.0,160.4,337.2,229.4,317.3,135.1,278.7,274.8,306.3,320.4,669.3,583.7,579.0,86.6,93.9,71.7,133.6,157.9,304.7,222.2,373.4,177.2,301.9,217.6,303.7,121.4,197.1,221.0,226.0,398.5,572.2,617.5,513.7,110.7,187.1,108.8,161.7,215.9,510.4,325.7,419.5,345.9,592.9,448.1,547.6,168.0,277.4,407.4,268.9,382.3,572.2,881.7,488.0,77.5,102.6,111.2,108.7,157.9,325.8,351.6,309.3,184.4,343.7,439.6,399.7,228.1,381.2,510.8,392.4,307.5,459.9,693.4,565.7,414.7,660.4,612.2,642.1,587.1,1489.0,1306.0,1122.0,990.2,1700.0,1568.0,1623.0,884.7,1289.0,1708.0,1150.0,829.8,1105.0,1550.0,1122.0
live,2026-07-11-03-12,2026-07-11T16:20:22+09:00,1.1,9.3,18.7,9.3,18.7,9.3,10.0,15.5,12.2,24.7,16.5,25.0,19.6,30.5,29.5,33.6,37.2,34.7,23.8,26.9,44.4,39.3,53.5,63.5,66.2,69.2,35.6,43.0,39.7,70.9,82.3,214.3,155.0,296.5,125.7,232.1,243.9,338.5,88.3,167.5,234.1,203.6,190.2,377.8,364.3,328.9,65.9,87.6,52.6,93.2,101.1,191.1,149.3,311.2,168.9,206.7,221.9,253.8,96.8,200.1,295.4,236.1,236.1,451.3,418.7,335.7,94.4,143.7,109.1,115.8,158.6,289.1,295.4,304.2,252.3,357.8,362.6,365.9,165.7,277.2,307.7,200.1,218.3,351.6,429.8,276.3,74.2,66.7,125.9,105.0,138.1,199.6,332.9,321.1,109.7,238.9,423.1,386.8,295.4,458.9,453.8,341.3,197.1,386.8,311.2,398.2,191.1,330.2,316.1,402.1,321.1,855.1,718.9,738.5,492.3,883.0,738.5,990.7,367.6,671.4,796.4,649.9,469.6,855.1,902.6,752.2
live,2026-07-11-09-12,2026-07-11T16:20:44+09:00,1.2,7.5,3.7,7.5,0.0,0.0,7.5,19.2,24.5,32.4,6.9,10.0,11.5,14.3,31.2,24.5,56.2,49.1,37.7,31.1,101.3,65.7,73.8,49.1,103.8,100.2,69.9,115.2,171.1,179.1,128.5,421.6,352.8,329.2,261.9,501.0,751.6,388.4,392.9,606.5,691.5,628.6,345.7,705.6,523.8,691.5,36.7,44.6,40.3,44.6,92.4,202.1,220.2,288.1,112.9,194.2,258.0,194.2,107.0,210.8,371.7,241.7,130.4,276.6,345.7,314.3,164.6,159.3,169.4,223.0,265.9,367.8,332.4,252.3,195.3,356.4,326.1,332.4,241.7,356.4,416.5,224.5,258.0,241.7,397.4,225.9,207.0,145.8,250.5,248.7,402.0,557.6,586.0,523.8,240.1,329.2,768.3,480.2,486.9,735.6,864.3,443.2,426.8,628.6,691.5,586.0,295.5,217.4,508.4,480.2,548.8,677.9,480.2,691.5,254.2,523.8,586.0,557.6,596.1,406.7,606.5,823.2,480.2,640.2,691.5,785.8
live,2026-07-11-15-03,2026-07-11T16:21:04+09:00,4.1,4.1,0.0,1.3,0.0,8.2,48.1,25.6,130.2,17.6,63.0,65.5,175.5,59.7,38.9,74.4,209.4,30.5,257.7,329.0,294.8,504.8,23.6,77.1,37.7,222.0,52.2,38.3,167.5,21.7,85.7,85.3,312.3,55.5,47.9,77.5,230.3,25.4,519.1,519.1,526.5,558.4,25.0,43.5,26.1,152.9,127.0,128.8,230.3,104.7,145.1,120.8,292.5,89.2,112.0,121.2,257.7,75.6,414.1,376.0,428.5,472.5,91.9,84.5,93.7,326.1,52.0,129.3,166.0,35.6,56.0,120.4,189.0,29.9,142.3,157.5,269.0,101.5,364.9,338.1,392.0,228.9,36.5,28.5,81.5,148.0,511.9,504.8,484.9,491.4,801.2,614.2,695.4,614.2,737.1,472.5,737.1,784.1,635.4,784.1,752.1,329.0,784.1,801.2,969.9,504.8,33.2,89.6,53.5,290.2,33.8,49.8,37.5,208.2,132.1,95.7,154.2,585.0,67.7,43.3,115.9,279.2,658.1,624.6,969.9,466.5
live,2026-07-11-19-06,2026-07-11T19:48:01+09:00,1.0,4.1,139.5,139.5,139.5,0.0,10.8,9.4,39.4,9.7,34.3,59.0,134.3,74.6,35.3,72.6,125.3,70.6,128.9,172.1,202.0,289.2,37.8,107.9,107.6,270.0,13.3,8.7,33.6,8.6,47.6,55.5,183.7,65.0,28.5,69.9,258.6,58.2,105.1,309.4,351.7,242.0,21.8,47.6,47.2,106.2,112.1,158.7,271.5,153.7,134.3,231.6,325.9,237.3,244.4,264.2,698.3,581.9,334.8,346.7,626.7,958.5,268.6,298.0,493.8,729.6,127.6,321.6,255.9,215.3,151.8,384.9,440.4,173.9,359.4,568.4,448.5,509.2,394.2,575.1,498.8,708.5,265.6,265.6,651.8,1018.0,414.2,417.8,376.0,452.6,520.0,470.0,752.1,474.6,440.4,321.6,568.4,922.4,660.6,922.4,660.6,1062.0,922.4,801.4,1321.0,1481.0,102.7,277.7,337.1,872.9,120.4,332.5,270.0,763.8,448.5,387.9,581.9,801.4,634.8,387.9,1222.0,1321.0,828.5,1253.0,1437.0,1321.0
live,2026-07-12-15-05,2026-07-12T17:24:02+09:00,2.6,2.6,0.0,5.2,2.6,0.0,24.9,24.4,7.6,98.5,40.1,124.5,68.3,330.9,42.3,144.8,60.4,256.7,12.2,52.0,42.9,148.7,300.0,776.1,465.6,553.4,31.7,26.7,8.7,107.6,92.4,197.4,61.6,377.2,86.0,234.4,53.1,427.3,10.1,32.7,28.6,74.3,582.0,900.2,758.6,276.7,217.1,300.0,195.1,427.3,232.8,306.9,155.5,562.6,475.5,390.2,453.1,1273.0,269.0,209.6,688.9,823.4,1776.0,1570.0,1534.0,625.1,99.8,435.6,143.9,468.8,234.4,535.8,93.2,435.6,608.2,758.6,377.2,776.1,129.5,65.5,399.5,305.5,726.0,854.6,1227.0,435.6,18.0,75.9,69.9,115.0,15.6,48.7,42.1,74.2,213.0,128.6,392.5,631.0,115.4,74.1,419.3,275.5,381.4,248.2,733.9,515.4,844.0,1500.0,1467.0,1467.0,1646.0,1500.0,1731.0,496.4,2411.0,1534.0,1534.0,548.9,1776.0,1007.0,2500.0,613.8,1227.0,776.1,1350.0,1350.0
live,2026-07-12-20-05,2026-07-12T17:24:22+09:00,1.0,5.2,0.0,0.0,5.2,0.0,19.4,7.8,20.4,54.8,32.8,57.4,53.6,111.4,14.0,50.5,56.4,49.5,56.1,85.0,95.1,189.1,122.8,113.7,187.0,300.6,39.7,9.3,22.0,50.2,126.5,146.3,146.3,215.8,18.5,85.4,34.4,76.8,85.8,154.4,116.9,251.2,181.0,285.3,155.8,295.3,112.2,91.9,93.0,158.8,148.9,128.5,128.5,198.0,163.4,160.3,420.8,431.6,161.8,165.0,481.0,543.0,455.0,350.7,455.0,647.5,27.4,106.5,58.8,131.5,26.6,122.8,62.8,72.5,179.0,243.9,181.0,233.8,117.7,107.9,300.6,251.2,263.0,165.0,510.1,343.5,134.6,191.3,141.4,210.4,202.8,259.0,237.1,189.1,240.5,251.2,431.6,431.6,191.3,263.0,673.4,374.1,526.1,543.0,601.2,455.0,271.5,365.9,400.8,601.2,350.7,410.6,263.0,601.2,647.5,647.5,481.0,510.1,701.4,187.0,601.2,765.2,673.4,543.0,990.3,731.9
live,2026-07-12-19-08,2026-07-12T20:44:27+09:00,1.0,11.8,11.8,23.6,23.6,47.2,6.1,8.0,26.8,33.7,7.8,9.9,22.7,45.3,13.4,14.7,42.3,52.3,51.3,45.6,87.3,139.1,97.7,129.5,137.5,232.5,33.8,58.8,177.6,155.6,88.8,149.8,323.8,478.0,108.7,201.4,506.1,386.1,313.7,485.7,602.3,1003.0,456.3,792.5,654.7,912.6,38.2,40.1,83.6,135.9,80.6,128.1,222.2,459.8,76.2,138.1,293.8,427.2,185.3,256.3,280.1,708.6,427.2,634.0,568.2,825.1,89.7,85.3,152.1,268.9,124.7,230.7,317.0,409.7,118.3,308.9,388.6,501.9,310.5,398.9,463.3,573.6,442.9,700.4,717.1,669.3,214.3,224.7,295.2,456.3,489.7,514.8,427.2,717.1,330.9,463.3,352.2,708.6,602.3,497.8,684.5,772.2,814.0,369.5,912.6,1115.0,381.2,514.8,654.7,956.1,596.4,971.5,926.7,1309.0,734.5,1075.0,602.3,1136.0,941.2,614.6,1158.0,1721.0,1254.0,1229.0,1309.0,1673.0
live,2026-07-13-15-12,2026-07-13T20:25:59+09:00,1.2,20.5,11.0,3.2,20.5,16.0,26.3,16.0,66.3,29.6,28.0,12.4,41.2,24.0,13.2,13.4,23.9,9.5,91.4,82.8,72.7,81.4,47.7,43.0,21.1,87.5,145.5,95.7,216.8,168.8,273.2,363.4,383.9,553.2,147.0,331.4,385.0,224.0,467.4,456.4,621.7,633.4,352.0,576.8,354.8,740.7,183.1,85.1,150.4,114.9,324.2,331.4,377.5,523.3,117.0,309.4,353.9,151.9,332.2,391.7,507.6,496.5,189.5,654.8,204.7,616.1,47.8,54.7,48.2,23.6,110.0,239.9,211.4,119.7,127.2,336.3,272.7,127.5,71.3,167.7,250.5,64.1,36.6,99.0,97.1,69.4,302.5,301.8,185.4,225.9,569.5,453.3,551.0,658.0,586.8,477.2,702.3,774.5,239.0,373.4,591.9,202.6,364.3,618.9,702.3,292.7,128.7,138.3,55.3,279.4,297.2,717.2,366.3,788.0,263.2,677.7,235.7,880.2,73.0,234.1,202.3,238.6,414.5,857.9,922.1,310.8
live,2026-07-14-01-03,2026-07-14T16:19:02+09:00,2.2,7.8,1.7,0.0,5.2,0.0,18.5,30.3,50.9,96.1,18.5,16.1,32.6,72.5,37.3,32.3,64.1,91.4,114.0,90.1,145.8,258.0,245.1,205.9,204.2,437.6,43.5,50.4,141.6,242.6,50.0,33.0,61.5,107.5,76.8,49.3,136.1,140.8,202.5,130.3,224.8,247.5,314.2,191.4,258.0,306.3,30.4,22.5,45.3,100.4,41.7,25.2,55.8,94.6,24.9,27.0,47.2,56.8,77.8,88.1,102.9,142.5,255.3,209.4,153.1,233.4,61.8,59.2,106.1,122.5,89.4,57.5,126.3,125.0,58.7,53.1,96.1,94.2,137.7,154.1,136.1,175.0,182.9,163.4,158.1,245.1,171.4,120.1,173.8,302.6,245.1,158.1,211.2,360.4,117.8,121.3,190.0,224.8,252.6,216.9,216.9,314.2,597.8,510.6,350.1,628.4,288.3,628.4,408.5,980.4,570.0,269.3,462.4,453.9,612.7,335.7,365.8,532.8,453.9,382.9,490.2,765.9,1114.0,680.8,532.8,1167.0
live,2026-07-14-03-12,2026-07-14T16:19:21+09:00,1.2,6.0,5.0,15.0,30.0,30.0,10.5,20.7,18.5,48.6,11.7,9.2,9.1,30.7,25.8,17.8,18.9,43.7,27.1,18.0,30.8,48.9,125.7,108.2,119.4,107.1,80.1,125.7,131.9,177.6,141.6,295.6,337.4,613.6,235.4,316.3,417.5,532.8,273.6,343.2,613.6,642.8,632.7,1306.0,1065.0,1227.0,62.0,45.8,37.8,107.4,150.5,217.7,223.7,426.2,89.2,164.6,123.0,180.7,78.9,217.7,184.9,318.8,400.9,623.0,385.6,487.9,128.9,100.2,87.0,140.6,262.9,316.3,343.2,413.2,166.6,283.2,176.8,238.2,144.1,287.2,235.4,180.7,313.9,506.2,417.5,343.2,171.6,79.7,142.0,210.9,281.2,235.4,554.7,710.4,100.2,287.2,293.4,586.9,275.4,642.8,358.3,404.9,613.6,899.9,663.8,554.7,449.9,749.9,499.9,653.1,899.9,941.8,1349.0,1840.0,920.4,1227.0,642.8,1191.0,880.3,1038.0,843.7,899.9,920.4,1499.0,1065.0,736.3
live,2026-07-14-09-12,2026-07-14T16:19:40+09:00,1.4,5.1,5.7,11.4,7.3,14.6,6.9,11.2,9.8,52.8,10.9,16.4,16.5,60.7,19.8,26.4,32.6,68.7,17.7,23.9,45.3,74.7,147.3,152.2,186.3,197.3,22.0,32.8,23.6,126.3,62.4,157.8,118.4,428.8,126.8,214.4,196.8,520.0,68.3,146.9,210.8,349.2,520.0,810.9,862.1,814.9,69.3,92.5,69.8,184.4,124.3,310.2,266.3,848.7,267.6,328.9,393.7,587.1,152.2,266.3,433.3,591.3,866.6,1186.0,1077.0,1388.0,221.6,309.6,241.2,528.3,356.8,540.6,540.6,925.4,484.6,634.8,712.1,957.9,381.8,525.0,765.4,975.0,1004.0,1269.0,1449.0,1706.0,50.3,74.1,159.1,181.8,84.1,154.5,269.8,313.7,146.5,176.3,406.4,472.0,353.0,380.0,490.4,795.1,385.4,391.8,642.3,765.4,751.3,1004.0,895.0,1070.0,1186.0,1436.0,1621.0,1240.0,1530.0,1516.0,1840.0,1800.0,1654.0,1861.0,2408.0,2243.0,1342.0,1424.0,1638.0,1950.0
live,2026-07-14-24-08,2026-07-14T20:56:25+09:00,1.3,12.3,22.9,13.3,32.1,2.9,22.3,17.1,108.5,7.5,32.8,42.9,155.1,18.5,26.2,50.6,123.4,13.6,243.3,311.4,228.0,105.7,6.4,13.5,9.6,34.9,157.8,106.5,343.5,52.2,362.7,692.3,1102.0,334.3,204.7,601.0,826.2,187.8,1005.0,1720.0,1486.0,846.6,84.7,302.1,174.0,492.7,331.8,319.4,579.4,168.5,555.8,896.6,1454.0,561.5,614.5,860.0,1618.0,714.0,1139.0,1925.0,2087.0,1353.0,279.9,633.0,747.2,1416.0,141.6,316.5,405.1,76.1,254.1,622.9,998.1,217.7,636.0,1060.0,1677.0,585.6,649.5,1409.0,1811.0,433.4,89.3,173.0,400.9,416.2,844.0,1005.0,673.5,294.6,1296.0,1967.0,1580.0,1020.0,1677.0,2279.0,2223.0,1677.0,1072.0,2071.0,2655.0,911.6,320.6,813.9,1116.0,654.2,18.5,42.1,26.6,54.8,48.3,163.5,97.3,216.8,139.4,284.5,322.5,516.0,68.2,117.2,278.4,250.2,109.0,202.1,309.0,218.2
live,2026-07-15-03-12,2026-07-15T16:21:51+09:00,1.0,25.1,10.0,10.0,16.7,50.2,7.7,5.8,12.4,37.7,11.8,15.9,19.5,53.2,10.6,19.4,19.1,48.1,26.8,36.1,37.8,70.8,136.9,175.2,175.5,174.2,43.6,46.6,54.7,115.6,130.2,223.7,296.4,687.9,134.1,336.4,388.9,503.7,180.0,387.3,509.3,631.4,520.8,1316.0,1396.0,1024.0,63.6,74.4,74.4,221.0,147.0,276.0,308.3,542.2,162.5,247.8,254.6,542.2,183.6,340.1,382.5,749.4,830.5,1013.0,1071.0,1418.0,40.3,125.7,107.8,198.6,152.1,298.3,335.2,482.6,310.3,539.1,606.4,903.7,195.7,330.4,426.7,365.8,606.4,1071.0,1396.0,1059.0,154.9,182.1,191.6,288.0,246.4,441.0,520.8,755.6,283.6,545.4,801.6,960.2,283.6,653.8,755.6,912.7,668.0,950.3,1262.0,1097.0,610.5,1843.0,1035.0,1486.0,1396.0,1920.0,1536.0,2194.0,1843.0,2248.0,2048.0,3072.0,1262.0,2194.0,2793.0,2633.0,1961.0,2304.0,3687.0,2304.0
live,2026-07-15-12-04,2026-07-15T16:22:11+09:00,1.0,5.8,23.2,11.6,23.2,0.0,30.8,27.4,61.9,65.0,47.9,74.3,130.8,142.1,37.0,70.2,109.6,123.8,86.5,153.5,145.7,426.5,202.0,205.6,217.3,523.5,18.9,11.5,31.2,99.2,43.6,20.8,58.7,155.6,12.3,12.8,15.5,47.7,42.0,72.4,33.7,174.5,66.1,319.9,149.5,319.9,64.3,126.5,140.4,274.2,78.8,65.4,102.8,230.3,209.4,73.3,202.0,235.0,198.5,137.1,195.2,523.5,359.9,500.7,319.9,460.7,45.1,90.6,95.1,195.2,34.4,38.6,42.3,83.4,225.8,103.7,188.8,235.0,95.1,59.9,191.9,245.0,267.8,133.9,239.9,383.9,179.9,338.7,191.9,442.9,151.5,217.3,157.7,479.9,460.7,230.3,303.0,500.7,245.0,174.5,303.0,479.9,677.5,606.1,606.1,677.5,179.9,639.8,575.8,1151.0,397.1,426.5,303.0,677.5,383.9,639.8,349.0,885.9,548.4,261.7,460.7,548.4,1047.0,767.8,885.9,575.8
live,2026-07-15-13-12,2026-07-15T16:22:31+09:00,1.1,9.3,5.9,31.9,31.9,7.6,7.5,27.0,32.3,12.1,7.5,18.6,19.5,7.1,58.2,52.5,125.1,53.5,94.5,69.4,203.7,75.4,20.8,14.6,55.2,66.4,39.9,128.9,149.6,66.8,69.0,245.0,259.4,144.7,314.6,429.2,717.0,388.6,444.7,533.1,984.0,833.3,157.1,212.1,455.6,591.0,32.6,77.6,76.4,28.6,67.6,297.4,278.6,130.9,172.0,364.8,493.3,270.8,226.1,376.0,698.1,329.1,65.0,159.0,283.3,303.2,364.8,308.8,624.9,341.9,545.7,660.7,948.7,461.3,467.1,934.3,1275.0,829.5,973.6,1468.0,1340.0,984.0,460.1,999.9,911.3,1107.0,469.5,412.9,920.3,505.4,860.4,852.5,1541.0,1321.0,578.1,742.9,1608.0,1057.0,1434.0,1868.0,1887.0,1284.0,752.0,1293.0,968.5,1468.0,77.3,62.7,255.1,302.2,152.7,238.0,660.7,737.0,100.8,217.9,512.4,635.7,667.8,953.6,864.4,1141.0,708.8,1156.0,924.9,1170.0
live,2026-07-16-05-12,2026-07-16T17:17:00+09:00,1.1,19.7,7.6,9.8,10.5,18.6,12.0,16.5,19.9,29.5,10.7,12.2,11.4,19.5,25.1,20.6,26.6,28.8,27.5,22.0,35.7,30.6,67.4,60.2,67.4,62.6,97.3,128.6,132.7,173.2,181.2,459.4,411.6,503.6,306.3,570.4,626.1,623.8,275.0,537.9,712.7,548.3,535.4,974.2,865.1,1033.0,55.3,39.0,31.6,54.5,145.1,278.9,236.4,281.2,99.0,205.6,122.4,144.2,85.5,184.8,152.8,125.3,197.9,370.7,269.4,245.3,163.5,133.3,123.5,150.1,306.3,480.2,523.0,438.7,192.9,421.3,236.4,268.5,178.3,368.3,265.4,208.9,291.8,497.7,423.9,333.0,144.6,126.5,172.2,137.2,282.8,523.8,701.0,548.3,192.7,418.7,406.2,289.1,290.5,709.8,476.8,374.0,310.4,729.6,497.7,593.3,555.5,476.8,592.3,546.6,781.6,1209.0,1292.0,1188.0,621.5,1205.0,1065.0,852.1,764.0,1209.0,1042.0,1014.0,635.5,1283.0,968.6,1082.0
live,2026-07-16-24-11,2026-07-16T22:05:43+09:00,1.0,12.4,10.8,50.8,18.8,101.7,4.6,22.7,16.6,71.7,6.2,15.8,14.3,73.4,45.4,45.7,70.8,140.0,34.8,34.9,92.6,128.3,201.9,255.0,280.0,284.5,16.4,70.2,45.0,137.9,27.3,91.2,48.2,198.5,190.2,206.9,320.7,579.5,109.9,102.0,282.0,376.1,534.3,764.2,983.6,823.2,26.9,71.1,49.0,202.1,38.1,109.0,64.6,241.2,186.5,180.6,241.8,562.5,114.8,104.0,296.4,347.4,590.2,761.1,1014.0,809.3,225.1,236.2,288.4,543.3,321.3,316.0,446.0,610.8,303.5,380.5,423.4,792.6,352.6,475.9,517.0,581.2,770.3,1031.0,1108.0,968.7,124.8,115.8,284.5,256.1,180.4,140.9,376.8,435.9,176.1,161.1,480.7,518.4,474.8,713.0,614.8,802.5,439.9,645.8,668.3,963.9,685.0,909.0,1155.0,864.0,973.7,1115.0,1379.0,1077.0,978.6,1379.0,1453.0,1253.0,1431.0,1475.0,1546.0,1400.0,917.7,1184.0,1053.0,1431.0
live,2026-07-17-01-04,2026-07-17T16:31:19+09:00,5.4,1.5,5.4,5.4,0.0,7.2,49.0,28.0,90.7,79.6,95.7,118.7,148.7,252.0,41.3,123.4,216.6,178.9,66.7,49.7,81.7,88.2,143.5,176.4,169.1,268.4,27.9,9.1,99.5,28.7,57.1,27.1,124.7,98.0,6.1,12.5,51.4,15.7,116.4,196.0,178.9,257.2,92.8,140.3,70.5,252.0,224.5,123.4,147.0,287.1,126.0,79.1,178.9,257.2,102.9,97.2,224.5,246.9,181.5,184.3,252.0,474.9,363.1,363.1,352.8,474.9,41.8,135.7,131.3,134.2,26.9,47.3,117.6,44.1,184.3,94.9,202.4,202.4,184.3,237.4,209.3,126.0,141.9,94.2,232.9,228.6,268.4,237.4,152.4,246.9,257.2,224.5,252.0,363.1,294.0,294.0,294.0,457.3,216.6,268.4,425.8,324.9,352.8,514.5,536.9,301.1,138.7,457.3,189.9,374.2,216.6,242.1,154.3,268.4,726.3,398.3,474.9,493.9,294.0,158.3,398.3,588.0,441.0,726.3,588.0,536.9
live,2026-07-17-07-04,2026-07-17T16:31:38+09:00,1.8,11.7,2.0,11.7,17.6,11.7,18.7,14.3,32.9,82.5,22.5,14.7,28.9,79.9,15.5,18.4,29.5,73.2,64.8,72.4,68.4,148.4,134.0,102.3,130.5,232.5,50.9,33.7,96.9,174.1,96.2,49.5,128.9,275.5,50.1,40.5,74.4,149.5,190.6,170.4,153.5,343.8,386.7,496.6,307.0,705.6,68.8,37.2,73.0,148.4,116.2,61.4,136.8,249.8,51.5,60.2,76.9,166.9,186.2,174.1,171.1,462.3,365.6,558.6,419.0,600.3,37.9,39.3,49.7,85.5,53.8,50.2,70.0,93.9,60.0,67.1,89.9,159.6,68.5,73.4,101.3,71.8,120.7,154.7,271.7,141.6,154.1,203.1,129.7,249.8,229.8,236.6,144.6,390.5,275.5,264.6,251.4,773.5,134.0,163.5,252.9,170.4,820.9,1087.0,788.7,402.2,427.9,670.4,838.0,1608.0,981.0,935.4,744.9,838.0,681.7,1183.0,773.5,758.9,874.4,659.4,1058.0,618.8,1005.0,1058.0,1547.0,693.5
live,2026-07-17-11-12,2026-07-17T16:31:59+09:00,1.2,7.5,10.0,6.0,10.0,30.0,13.0,6.7,31.5,12.1,19.7,25.4,56.5,38.1,11.9,24.2,24.3,16.3,68.6,105.2,87.3,79.0,30.1,65.5,32.7,83.5,61.8,35.3,106.1,66.6,169.8,246.7,462.1,401.2,92.4,280.8,410.2,182.5,372.5,536.9,480.4,514.2,139.3,608.5,274.5,618.8,80.4,76.2,137.2,133.7,159.4,163.0,338.0,354.4,123.3,134.2,206.2,184.4,231.0,292.0,294.4,561.7,341.2,507.1,372.5,618.8,43.6,85.3,88.6,53.8,76.2,189.1,231.0,145.4,158.0,264.5,238.6,250.0,179.8,262.6,248.3,207.4,92.6,136.2,187.2,199.5,380.3,341.2,285.2,357.9,536.9,521.6,702.1,676.1,486.8,309.4,445.2,663.8,317.4,579.5,544.9,424.5,760.6,849.1,760.6,730.2,92.6,376.4,157.3,480.4,148.4,640.5,347.7,702.1,579.5,1106.0,468.1,1106.0,202.8,323.1,529.1,598.5,688.9,676.1,1014.0,588.9
live,2026-07-17-12-04,2026-07-17T16:32:19+09:00,2.3,4.6,3.1,15.5,3.8,23.2,30.3,86.6,56.9,219.5,17.2,29.2,16.6,150.9,129.1,95.4,137.5,561.1,68.5,41.0,111.5,276.3,377.9,308.6,437.4,437.4,62.0,178.6,113.3,455.3,49.3,47.5,30.6,324.8,295.5,109.7,176.3,771.5,147.3,61.0,176.9,896.0,992.0,638.5,957.8,896.0,19.5,26.2,11.6,97.8,27.7,24.0,13.1,156.4,42.2,33.2,22.2,153.4,15.5,13.7,18.4,73.3,273.6,282.0,217.0,206.5,370.3,298.6,283.4,771.5,470.8,236.4,351.6,750.7,199.1,161.9,119.4,500.4,474.8,408.4,189.6,712.2,1322.0,805.1,1028.0,1111.0,186.4,79.9,268.3,444.4,215.3,91.8,328.7,685.8,62.1,63.0,84.0,233.4,411.5,448.0,162.9,694.4,793.6,1028.0,440.9,854.6,793.6,1207.0,1851.0,2057.0,1182.0,1322.0,1501.0,1543.0,992.0,1291.0,910.7,1262.0,2645.0,1633.0,1388.0,1683.0,1984.0,1915.0,1262.0,1424.0
live,2026-07-17-13-12,2026-07-17T16:32:40+09:00,1.8,2.2,5.8,14.3,21.0,22.5,6.3,22.7,17.5,27.2,6.9,20.5,14.8,23.8,59.2,62.3,87.2,105.2,46.3,49.6,115.8,105.7,99.2,102.9,220.1,194.0,15.6,52.7,36.4,60.8,27.5,96.0,69.1,91.9,208.3,223.5,319.1,387.6,153.4,169.2,356.4,338.7,289.3,282.4,676.6,553.0,19.6,56.1,39.4,53.6,31.5,115.6,81.0,96.8,141.9,169.8,184.3,203.0,112.8,128.9,239.2,180.8,189.8,196.8,360.4,302.5,275.1,299.9,336.7,431.0,421.9,407.8,525.7,525.7,410.0,423.7,544.3,574.2,440.0,504.0,576.7,480.4,720.3,738.6,760.0,764.5,202.0,222.1,415.9,334.8,282.6,307.3,645.7,587.1,306.9,322.8,698.2,546.0,585.7,732.4,773.5,734.4,617.5,779.3,730.3,962.6,502.5,634.7,1133.0,1066.0,680.1,571.0,1342.0,1496.0,620.4,552.4,912.3,1156.0,1400.0,1487.0,1434.0,1961.0,1299.0,1616.0,1400.0,1837.0
live,2026-07-18-01-03,2026-07-18T16:07:05+09:00,1.5,6.0,4.0,0.0,4.0,0.0,87.8,163.6,86.2,94.2,58.1,53.1,22.3,26.1,139.5,73.7,75.3,84.7,75.7,27.3,59.8,27.1,98.8,32.2,59.8,28.9,229.6,279.1,189.8,209.3,273.8,258.8,279.1,347.2,339.0,418.7,290.5,296.6,195.0,245.4,331.1,273.8,254.2,418.7,459.2,316.4,84.2,63.0,33.4,46.0,146.7,180.2,127.1,206.3,116.7,165.5,140.9,109.5,44.3,82.7,99.5,25.3,35.2,169.5,82.7,30.0,180.2,187.3,94.2,118.6,263.6,347.2,212.5,290.5,233.4,444.9,151.4,167.5,165.5,245.4,200.5,100.9,159.9,309.5,203.4,133.0,116.7,45.7,93.0,33.0,165.5,173.6,249.7,215.7,52.1,142.3,148.3,42.0,197.7,219.0,263.6,108.6,35.4,118.6,38.2,84.2,127.1,51.5,124.8,49.4,284.7,309.5,593.2,279.1,60.0,339.0,123.8,39.2,237.3,490.9,222.4,245.4,34.4,143.8,37.2,133.0
live,2026-07-18-07-03,2026-07-18T16:07:26+09:00,2.3,14.2,2.8,7.1,7.1,4.7,12.0,56.7,30.6,49.6,7.1,18.3,7.3,17.7,84.9,50.1,78.6,100.6,32.4,18.9,70.9,53.4,104.9,71.9,141.9,92.3,76.3,194.6,175.1,178.2,103.4,353.7,227.9,362.3,405.1,412.6,586.4,533.7,240.2,281.1,660.2,521.2,397.9,590.2,865.3,665.1,25.4,38.0,16.5,31.7,74.7,183.4,111.8,186.0,82.5,153.1,100.2,158.0,37.1,76.6,102.1,62.2,100.6,213.7,226.8,107.9,274.2,162.6,211.2,284.7,489.7,476.6,461.8,452.4,213.2,443.4,272.5,410.7,282.0,512.2,302.1,405.1,515.2,707.4,632.1,627.7,144.9,61.0,214.2,130.5,338.9,259.1,590.2,527.4,73.1,166.6,232.1,145.1,336.3,655.3,392.6,560.5,311.6,641.2,276.8,641.2,418.4,268.4,685.6,492.4,810.3,795.8,1273.0,1172.0,338.9,781.8,655.3,355.1,1012.0,1188.0,928.4,1273.0,492.4,1100.0,390.9,1157.0
live,2026-07-18-08-12,2026-07-18T16:07:45+09:00,1.0,66.5,0.0,0.0,0.0,199.5,13.0,17.7,19.5,42.1,10.8,10.0,8.0,25.1,23.3,18.5,24.6,40.1,18.5,13.3,22.5,23.8,94.2,75.9,115.6,80.5,95.6,186.6,125.8,225.9,186.6,729.0,613.3,822.1,341.9,878.2,757.6,1207.0,244.5,788.6,966.0,1207.0,576.7,1044.0,1136.0,1680.0,60.3,63.4,41.1,90.2,139.0,390.3,375.1,522.1,177.2,282.0,255.9,382.5,103.8,280.0,301.8,257.6,290.5,743.1,613.3,415.5,173.2,165.1,122.6,203.3,306.6,644.0,471.2,529.3,324.7,805.0,382.5,560.0,235.6,495.4,594.4,297.2,613.3,898.6,1016.0,529.3,90.7,62.7,153.9,115.0,192.2,529.3,966.0,805.0,129.6,439.1,522.1,429.3,272.1,690.0,585.4,454.6,278.0,788.6,483.0,585.4,444.1,552.0,594.4,386.4,772.8,1610.0,1840.0,1431.0,654.9,2273.0,1170.0,1016.0,822.1,1332.0,2033.0,1170.0,483.0,1932.0,1073.0,1073.0
live,2026-07-18-12-03,2026-07-18T16:08:05+09:00,4.2,3.0,3.0,2.8,16.8,33.7,50.3,40.5,90.7,221.7,36.9,15.9,33.0,240.4,31.5,15.8,22.7,174.0,132.3,69.0,53.1,287.3,425.9,516.6,449.6,758.7,105.7,96.7,149.8,505.8,145.3,115.6,164.6,916.2,118.1,99.5,124.1,485.6,271.2,265.3,200.6,933.8,1079.0,1428.0,1129.0,1348.0,88.4,32.9,56.5,449.6,139.1,76.9,146.2,703.7,32.5,51.2,22.3,258.3,102.2,125.8,38.2,408.0,1033.0,1348.0,796.0,1033.0,50.6,21.2,21.0,177.8,79.3,72.4,44.3,332.6,27.1,44.7,16.6,188.2,20.7,29.6,15.0,46.8,351.8,422.2,349.3,186.0,200.6,127.7,100.1,376.4,415.0,282.3,213.9,916.2,165.7,217.7,60.0,724.7,81.8,101.5,48.2,161.3,851.9,867.1,714.1,376.4,758.7,1517.0,1428.0,1867.0,971.2,1033.0,1618.0,1428.0,1156.0,1942.0,991.0,1674.0,1129.0,1184.0,1103.0,714.1,1734.0,3035.0,2023.0,809.3
live,2026-07-18-16-09,2026-07-18T16:08:24+09:00,1.1,11.2,11.2,5.6,22.5,22.5,10.7,13.0,26.4,33.2,14.5,16.8,27.5,42.0,21.4,20.3,44.7,45.0,58.8,51.1,74.8,111.1,111.4,100.7,126.3,168.4,34.4,21.9,70.3,62.1,64.0,57.1,107.0,93.2,35.9,45.2,107.5,39.6,179.8,183.9,221.7,259.1,186.5,210.0,96.1,399.1,61.8,65.6,79.0,104.7,97.5,82.1,146.7,160.9,128.7,93.7,174.3,182.2,147.2,190.0,246.3,279.1,283.0,302.3,373.0,429.2,67.8,106.7,93.9,125.9,74.3,116.0,128.3,92.8,205.7,138.5,173.5,190.0,133.5,136.7,178.1,170.5,203.6,167.0,295.6,295.6,267.8,184.7,293.5,293.5,362.8,314.3,350.1,373.0,266.1,350.1,458.8,498.9,359.6,415.7,429.2,380.1,373.0,665.2,831.5,753.1,279.1,443.5,498.9,1023.0,492.7,480.9,302.3,907.1,554.3,369.5,725.7,887.0,570.2,300.1,831.5,928.2,1209.0,1425.0,1247.0,1108.0
live,2026-07-18-01-11,2026-07-18T19:48:53+09:00,1.0,6.2,21.7,32.6,130.5,130.5,6.4,6.5,13.9,46.8,12.2,14.5,18.8,61.1,11.2,18.1,20.2,51.6,27.7,32.1,37.4,80.3,125.5,164.5,138.0,155.4,68.0,62.0,97.0,169.7,135.8,308.7,384.1,524.0,145.1,313.2,236.4,461.4,219.9,482.3,420.2,562.2,487.9,731.8,731.8,1131.0,91.4,95.2,94.3,256.4,158.6,298.9,256.4,690.2,224.0,290.7,355.2,577.5,217.6,353.7,365.9,511.4,758.0,758.0,701.6,695.8,61.9,123.7,75.1,151.3,96.0,165.4,147.3,393.0,251.9,189.9,182.5,569.7,122.1,219.3,291.7,208.5,350.8,466.4,648.0,437.6,172.5,176.5,162.9,259.6,278.3,414.1,437.6,565.9,280.1,424.4,808.5,975.8,266.9,356.7,577.5,362.8,663.2,884.3,912.8,690.2,520.8,943.3,701.6,875.2,824.2,1286.0,1230.0,1267.0,1326.0,1516.0,1391.0,1632.0,884.3,1147.0,1516.0,1326.0,1267.0,1697.0,1572.0,1061.0
live,2026-07-18-12-11,2026-07-18T19:49:11+09:00,1.0,56.2,112.5,12.5,8.0,112.5,9.0,18.9,10.0,10.0,21.3,33.0,22.8,31.1,28.3,45.2,28.9,31.8,18.8,26.9,36.6,22.3,28.2,66.9,54.4,42.4,71.9,76.9,57.1,54.3,192.1,486.8,316.0,407.9,225.3,507.1,378.9,348.2,141.8,291.2,426.1,210.3,169.9,433.0,453.6,327.7,142.8,172.7,105.1,161.0,252.1,519.0,409.1,513.0,437.3,577.4,632.1,724.9,211.0,359.5,713.2,485.0,516.9,780.0,966.5,691.1,137.2,270.5,106.9,125.7,288.7,555.7,414.2,363.4,499.5,771.0,803.5,757.8,136.2,280.2,481.5,163.0,219.7,393.4,670.2,263.6,54.1,96.4,91.1,52.9,128.3,297.0,407.9,148.2,232.3,474.6,793.9,455.2,179.0,424.7,641.2,236.4,95.0,120.8,265.1,223.8,118.2,310.9,247.4,183.4,241.2,494.0,590.2,370.5,617.5,995.4,901.2,945.9,542.2,808.3,1093.0,673.6,217.5,316.8,623.2,546.6
live,2026-07-19-12-05,2026-07-19T17:23:18+09:00,1.1,0.0,4.1,0.0,8.2,8.2,27.5,57.2,20.1,9.5,48.7,78.3,45.4,35.0,65.2,106.1,84.9,75.3,26.8,55.8,100.1,15.1,11.2,26.9,51.6,14.6,100.1,127.1,72.0,40.8,192.8,293.9,252.5,351.6,210.9,271.7,484.6,373.6,116.4,227.0,484.6,104.2,52.2,267.6,389.8,95.8,112.0,190.7,103.0,142.3,206.1,208.5,309.1,407.5,267.6,179.3,527.4,560.4,182.9,289.2,389.8,597.7,235.9,417.0,543.4,618.3,144.6,224.1,130.8,107.3,188.7,252.5,314.6,289.2,358.6,344.8,252.5,437.3,267.6,326.0,471.9,170.7,239.1,227.0,407.5,275.8,82.6,101.8,145.7,41.3,161.5,358.6,389.8,132.8,235.9,381.5,484.6,338.3,280.2,560.4,459.8,263.7,48.0,77.9,206.1,190.7,29.5,82.2,97.4,29.9,62.9,188.7,417.0,107.3,172.4,358.6,344.8,484.6,235.9,326.0,543.4,332.0,47.8,67.4,181.1,197.0
live,2026-07-19-20-05,2026-07-19T17:23:40+09:00,1.0,9.7,0.0,0.0,0.0,0.0,13.6,4.8,36.4,83.2,31.3,61.6,88.9,166.5,14.7,67.4,78.2,301.0,91.0,118.6,137.3,434.8,166.5,142.3,301.0,223.6,28.8,6.8,42.3,156.5,64.6,44.7,118.6,326.1,11.4,60.2,66.3,372.7,73.1,137.3,159.7,355.8,301.0,411.9,521.8,489.2,72.4,94.3,84.1,217.4,102.9,76.7,142.3,244.6,195.6,77.5,411.9,652.3,205.9,177.9,340.3,602.1,434.8,237.2,521.8,1304.0,28.5,150.5,84.1,340.3,28.4,91.0,104.3,186.3,223.6,182.0,177.9,391.3,147.6,170.1,301.0,269.9,372.7,460.4,869.7,782.7,177.9,150.5,115.1,340.3,223.6,391.3,391.3,279.5,237.2,279.5,223.6,391.3,301.0,489.2,460.4,978.4,652.3,434.8,978.4,1565.0,237.2,411.9,1118.0,869.7,372.7,521.8,869.7,652.3,489.2,978.4,711.6,2609.0,1118.0,391.3,978.4,1956.0,2609.0,782.7,559.1,1956.0
live,2026-07-19-22-11,2026-07-19T17:24:00+09:00,1.3,6.3,11.6,9.9,9.9,5.8,11.9,14.2,18.8,10.2,16.0,21.9,18.5,15.0,26.1,35.5,34.4,19.9,33.8,31.5,45.0,20.6,18.6,30.0,26.2,25.0,91.2,118.3,140.9,78.3,196.5,443.1,517.7,425.5,279.2,555.5,622.5,448.1,394.0,851.0,963.7,615.3,192.9,596.9,559.4,571.3,90.7,124.7,96.5,94.2,187.5,327.8,375.5,370.3,267.0,348.5,417.7,396.0,236.3,393.0,540.5,345.5,272.5,512.7,603.7,521.1,174.8,246.8,215.3,125.8,296.2,689.6,761.8,324.5,463.7,864.8,594.7,675.0,347.8,769.1,704.8,305.3,183.0,389.2,610.6,319.9,167.1,195.3,307.0,101.3,451.9,772.9,1193.0,536.8,361.9,608.3,1159.0,511.1,571.3,1240.0,1185.0,509.5,165.6,457.1,596.9,509.5,77.2,145.0,126.8,109.5,159.9,439.5,435.9,462.4,311.2,567.3,723.9,624.9,244.6,484.8,765.5,469.1,156.7,439.5,538.6,422.1
live,2026-07-19-19-12,2026-07-19T20:38:37+09:00,1.1,5.5,13.2,14.5,11.9,14.1,5.6,11.8,9.7,13.2,10.1,20.2,18.6,26.7,28.7,36.2,46.0,47.4,23.9,34.1,59.1,47.3,39.4,58.3,84.9,80.4,27.1,46.8,41.4,51.6,83.1,251.4,226.3,308.6,174.3,356.9,399.9,525.1,160.4,369.2,581.5,501.9,209.3,508.3,663.2,713.3,62.4,98.3,93.1,139.9,119.3,387.1,332.2,415.1,246.8,397.9,422.0,513.5,230.9,362.7,603.6,501.0,395.7,608.2,830.3,807.4,180.1,242.9,247.9,311.7,305.6,651.6,782.5,579.7,421.4,722.6,760.1,836.5,403.1,715.2,861.1,537.8,581.5,903.0,1022.0,812.1,113.0,159.8,264.4,199.2,214.7,506.5,841.6,532.1,329.4,565.0,832.8,850.6,507.8,1016.0,993.1,726.4,441.4,690.4,931.7,865.1,195.3,373.9,549.4,506.9,307.6,739.9,1160.0,1105.0,621.8,958.9,1180.0,1399.0,955.6,1462.0,1497.0,1238.0,717.0,1345.0,1439.0,998.5
live,2026-07-19-20-12,2026-07-19T20:38:58+09:00,1.0,18.1,7.6,21.1,28.1,126.7,5.9,6.9,15.7,84.3,7.3,10.1,16.0,79.5,11.6,14.9,19.3,75.5,29.0,33.6,33.7,100.0,225.6,226.7,221.9,199.6,62.4,83.5,122.8,371.6,137.0,342.8,608.0,1063.0,186.1,453.9,643.4,1308.0,258.5,860.7,969.8,1728.0,1009.0,1930.0,1714.0,2115.0,52.9,65.9,94.9,294.9,110.7,238.9,386.8,761.7,135.3,257.8,306.3,758.8,256.2,467.8,449.8,879.7,891.5,895.6,1308.0,1380.0,75.5,96.2,91.3,250.0,169.0,373.0,448.8,619.3,195.8,383.8,445.7,864.4,179.2,395.2,396.0,427.5,579.6,891.5,1149.0,782.7,170.6,250.0,209.7,421.2,275.0,999.1,1086.0,835.4,389.8,895.6,872.0,1266.0,309.2,920.4,808.2,1030.0,846.0,1352.0,1282.0,1274.0,637.2,1162.0,1212.0,831.9,1371.0,2137.0,2234.0,2582.0,1643.0,2516.0,1930.0,2028.0,1616.0,1988.0,2137.0,1451.0,1316.0,2184.0,1643.0,1420.0
live,2026-07-20-12-10,2026-07-20T19:24:24+09:00,1.0,173.2,43.3,43.3,13.3,43.3,12.7,16.8,14.9,29.7,14.6,11.9,9.9,24.9,26.9,23.9,21.7,40.6,25.8,18.2,26.5,35.4,104.3,109.5,94.8,87.8,58.4,75.6,75.4,132.9,112.9,237.8,212.7,372.2,214.0,298.7,277.7,360.5,188.1,280.7,315.1,380.5,496.3,744.5,689.6,646.2,65.7,52.1,37.8,109.8,128.6,236.2,205.9,344.8,135.0,279.9,130.5,268.9,79.7,231.9,151.7,201.0,392.1,772.5,513.7,350.6,157.8,150.8,126.8,215.4,341.3,469.1,473.5,458.7,212.7,452.6,214.9,429.9,177.4,389.2,226.3,217.2,439.1,723.6,778.4,350.6,102.7,63.7,106.7,118.6,200.2,342.5,431.7,460.7,113.0,302.2,213.6,280.7,229.3,462.8,264.1,316.1,291.9,654.4,491.6,387.7,642.2,744.5,815.5,564.5,909.3,1334.0,1037.0,1194.0,699.0,1104.0,733.9,901.3,934.1,1070.0,1059.0,761.1,680.4,1181.0,969.3,622.7
live,2026-07-20-15-10,2026-07-20T19:24:43+09:00,1.0,0.0,9.0,18.0,0.0,18.0,11.6,19.8,21.0,38.2,9.3,17.1,9.6,48.9,36.4,32.8,40.2,73.1,23.3,19.6,38.5,63.3,112.4,149.5,135.6,231.1,68.2,86.2,117.6,118.2,138.4,154.1,154.1,290.6,160.1,205.5,308.2,290.6,155.3,176.9,317.8,383.8,236.5,508.6,313.0,344.8,38.3,58.6,35.1,121.8,113.6,116.2,128.7,184.9,117.6,141.2,191.9,205.5,104.8,129.5,168.1,257.5,322.9,452.1,290.6,376.7,70.8,116.2,67.8,113.6,142.2,236.5,248.1,195.6,108.2,260.8,164.0,233.8,95.9,136.5,190.1,207.6,166.7,251.1,308.2,356.9,80.4,68.0,111.7,142.2,172.4,164.0,254.3,303.6,85.8,127.9,195.6,236.5,218.7,398.9,317.8,254.3,549.8,678.1,635.7,549.8,274.9,442.2,484.4,635.7,322.9,496.2,383.8,508.6,581.2,452.1,473.1,635.7,521.6,339.0,656.2,813.8,701.5,782.5,726.6,678.1
live,2026-07-21-10-03,2026-07-21T09:14:35+09:00,1.0,13.1,4.3,26.2,0.0,0.0,23.5,83.6,50.2,63.8,12.6,17.3,8.8,9.6,73.7,49.7,95.4,78.5,83.6,38.3,131.9,88.8,146.1,39.3,167.3,132.7,69.7,159.3,262.4,226.4,128.3,197.4,202.6,274.9,461.9,435.8,624.3,888.4,419.9,334.7,721.8,923.9,549.9,659.9,1004.0,745.1,18.6,22.2,10.6,11.2,61.9,123.5,83.3,99.5,78.8,172.3,152.9,86.5,36.3,104.9,116.0,60.4,33.4,152.9,123.5,89.8,316.4,134.2,366.6,139.1,796.5,349.9,699.9,769.9,153.9,444.2,391.5,303.9,923.9,923.9,641.6,659.9,824.9,1099.0,513.3,824.9,398.2,90.5,329.9,219.9,607.8,248.3,699.9,679.3,97.0,217.9,325.3,190.9,699.9,962.4,481.2,577.4,405.2,855.5,312.1,769.9,292.3,94.2,502.1,378.6,745.1,577.4,1099.0,1358.0,97.4,312.1,268.5,259.5,624.3,524.9,471.4,721.8,592.2,1004.0,391.5,1154.0
live,2026-07-21-10-05,2026-07-21T10:10:52+09:00,1.9,4.3,21.7,21.7,7.2,2.7,41.9,67.2,29.7,23.3,63.8,125.0,72.1,67.5,93.4,163.0,119.3,122.3,47.0,84.4,108.8,22.0,35.1,80.2,119.7,22.3,71.7,136.6,62.8,52.2,175.3,241.6,135.7,123.8,234.4,335.8,189.6,186.0,82.0,125.8,123.0,27.5,69.8,113.2,110.3,30.3,169.3,295.7,126.6,148.4,238.7,215.3,167.9,145.6,445.2,302.5,341.6,277.1,186.0,175.3,285.1,62.0,182.6,157.2,281.0,71.1,283.0,377.4,293.5,146.2,360.2,347.6,271.4,297.9,450.3,370.3,417.1,396.2,381.0,291.3,373.8,135.2,396.2,229.0,370.3,156.0,76.3,136.6,220.1,35.9,109.7,126.6,225.1,37.2,173.8,138.0,262.4,70.2,307.2,265.9,335.8,120.4,32.1,24.6,47.9,61.7,60.7,152.4,222.6,43.0,70.3,102.4,166.5,31.7,193.3,130.3,221.3,81.5,324.8,194.2,347.6,129.9,30.1,24.0,52.6,52.2
live,2026-07-21-05-05,2026-07-21T13:29:30+09:00,2.0,4.8,4.8,4.0,24.0,8.0,31.9,14.3,33.1,44.3,65.8,64.7,122.3,157.7,18.4,57.1,47.2,50.5,81.9,210.9,94.0,99.0,150.0,270.0,173.1,156.2,44.7,15.0,46.6,47.6,73.8,43.5,87.9,107.1,21.5,35.5,29.6,31.7,97.8,163.0,70.7,75.0,212.3,363.0,116.0,161.5,119.7,144.2,216.4,283.6,159.2,76.2,184.4,239.4,171.3,98.4,194.0,207.1,562.6,401.9,351.6,411.7,718.2,562.6,450.1,703.3,28.7,85.9,54.4,82.1,26.1,43.3,38.0,42.4,143.6,79.8,159.9,163.0,93.0,65.4,182.4,62.2,138.9,99.2,241.1,101.6,112.9,217.8,118.4,125.0,109.6,167.9,91.2,101.3,482.2,281.3,272.2,406.7,139.5,103.8,283.6,128.3,154.1,124.5,341.0,140.0,450.1,964.5,733.9,562.6,535.8,843.9,246.4,432.8,937.7,1089.0,625.1,1350.0,572.1,210.9,649.2,261.7,348.0,324.6,750.2,229.6
live,2026-07-21-09-07,2026-07-21T13:29:49+09:00,1.7,0.0,6.0,12.0,0.0,2.0,29.2,36.9,87.0,56.2,23.4,8.7,23.1,15.7,32.6,13.0,31.8,18.4,124.7,61.9,74.2,58.7,111.2,51.6,49.7,77.0,89.5,74.8,234.3,173.6,133.4,218.3,389.4,271.9,177.9,277.1,374.3,309.9,297.1,417.7,436.7,417.7,405.9,457.5,450.3,670.2,52.2,19.8,47.2,37.2,98.3,133.4,204.4,189.6,30.0,114.8,72.0,38.4,146.3,232.4,149.3,164.7,102.9,389.4,92.6,207.3,88.6,40.1,83.3,50.2,244.2,250.6,335.1,182.4,54.9,174.6,129.2,68.2,185.9,417.7,196.0,208.8,114.8,216.7,129.2,264.4,335.1,189.6,320.2,107.5,417.7,436.7,417.7,316.7,232.4,450.3,294.1,360.2,351.4,613.2,374.3,360.2,488.5,565.1,417.7,384.3,339.0,184.7,167.5,135.9,613.2,640.5,411.7,655.0,236.2,533.7,198.7,480.3,225.1,394.8,230.5,355.8,144.8,758.4,472.5,554.2
live,2026-07-21-23-11,2026-07-21T13:30:12+09:00,2.4,1.9,19.5,4.8,6.5,0.0,9.2,23.5,12.9,50.3,17.1,62.0,26.4,113.0,49.4,103.1,129.9,201.2,26.3,38.2,117.0,122.2,179.3,208.9,351.1,294.7,11.7,31.7,14.2,63.6,22.5,68.0,21.7,76.2,121.3,139.2,140.4,215.7,27.7,26.2,105.1,82.1,203.7,191.9,383.8,206.3,59.3,97.3,82.7,162.6,74.5,96.5,58.1,125.9,125.9,134.1,270.5,217.1,125.9,88.0,287.0,268.3,417.8,282.1,302.8,500.1,214.3,308.4,297.3,423.1,242.7,210.2,289.5,297.3,388.3,314.3,375.1,417.8,407.5,417.8,515.7,500.1,569.1,500.1,532.4,600.1,66.1,90.6,261.9,168.4,72.0,75.1,207.6,134.7,159.4,108.9,300.0,226.0,464.9,464.9,458.4,440.1,388.3,336.8,417.8,532.4,287.0,943.1,825.2,805.0,323.6,351.1,569.1,452.1,970.8,507.8,579.1,916.9,868.6,532.4,702.3,916.9,673.6,523.9,785.9,846.3
live,2026-07-21-05-10,2026-07-21T16:06:30+09:00,1.3,22.5,0.0,1.8,0.0,0.0,30.8,11.1,20.3,32.8,55.8,60.0,128.4,150.9,10.2,42.2,10.5,21.5,44.8,126.3,35.2,71.3,113.4,327.4,102.4,121.1,93.7,32.9,56.0,94.1,294.3,270.3,310.0,407.9,48.2,172.2,53.8,95.6,162.5,258.3,137.5,221.4,283.5,407.9,314.2,314.2,184.5,252.7,273.5,438.7,347.0,318.5,438.7,628.4,301.9,318.5,465.0,750.0,394.0,528.4,611.8,683.8,930.0,801.7,596.1,894.2,19.7,70.2,16.9,42.5,41.2,198.7,48.7,107.1,305.9,298.0,287.0,474.5,25.1,37.0,161.4,36.0,96.0,167.2,363.3,79.6,124.3,294.3,77.5,128.4,219.3,516.7,178.8,202.1,596.1,553.6,567.1,664.3,76.7,117.4,484.4,90.1,287.0,283.5,861.1,169.7,310.0,567.1,363.3,387.5,465.0,1367.0,801.7,581.2,894.2,1162.0,628.4,1367.0,336.9,357.7,611.8,207.6,400.8,553.6,1107.0,211.3
live,2026-07-21-16-09,2026-07-21T16:06:52+09:00,1.0,6.9,69.0,34.5,0.0,17.2,12.1,12.7,27.9,14.0,22.4,30.3,56.0,28.6,20.6,37.0,42.2,17.9,45.8,79.9,91.3,72.2,31.0,48.5,32.7,69.8,40.4,34.6,78.4,40.7,92.9,119.4,146.9,116.1,74.7,107.2,165.4,88.6,212.2,210.1,287.9,214.4,104.5,169.4,136.4,266.0,71.7,61.2,112.9,98.6,88.6,81.4,253.2,241.5,198.2,191.0,350.2,187.6,253.2,284.0,382.1,272.9,241.5,247.2,206.0,284.0,72.4,111.7,96.4,64.6,115.4,189.3,187.6,112.3,216.6,328.3,244.3,238.8,204.0,309.0,300.2,106.1,102.0,133.8,284.0,105.0,291.9,194.6,259.4,214.4,525.4,456.8,456.8,396.5,304.5,389.2,500.4,333.6,477.6,420.3,568.0,256.3,382.1,724.7,538.9,313.6,72.2,185.9,111.7,269.4,142.0,344.5,236.1,428.9,368.7,525.4,404.1,467.0,168.1,216.6,375.3,225.9,375.3,553.0,583.8,333.6
live,2026-07-21-22-09,2026-07-21T16:07:10+09:00,2.8,3.7,22.5,0.0,3.2,2.8,20.3,38.6,19.1,71.4,31.9,37.5,27.8,76.5,67.6,80.5,53.3,156.9,16.3,24.4,42.7,63.6,147.2,185.3,233.7,162.8,45.3,52.8,31.6,133.5,87.7,103.8,63.2,204.7,139.6,180.6,88.4,265.4,41.3,51.8,75.7,151.4,320.9,358.3,341.2,341.2,67.4,88.8,57.0,204.7,83.6,91.8,69.5,241.5,109.7,100.4,83.6,215.0,58.4,63.4,78.7,130.3,430.0,302.8,320.9,290.5,185.3,247.1,122.1,307.1,182.2,212.8,127.2,215.0,307.1,250.0,159.2,335.9,104.8,123.5,173.4,316.2,447.9,377.2,511.9,597.2,21.2,30.0,56.1,71.1,23.4,40.5,80.2,116.2,52.3,53.0,110.2,139.6,93.0,105.9,137.8,228.7,112.5,145.2,145.2,195.4,358.3,614.3,614.3,488.6,565.8,467.4,290.5,614.3,581.1,524.4,581.1,421.6,614.3,272.1,565.8,500.0,346.8,421.6,335.9,500.0
live,2026-07-21-12-08,2026-07-21T18:34:42+09:00,1.0,6.0,6.5,0.0,0.0,0.0,10.3,36.1,66.3,119.3,9.3,6.1,17.1,94.3,42.0,12.0,36.6,159.9,116.4,21.6,52.4,206.5,293.5,287.8,246.5,343.2,66.3,130.4,177.0,351.3,84.0,204.6,268.7,557.7,234.8,254.9,507.0,991.5,401.9,398.3,512.8,858.0,665.9,949.3,841.8,1205.0,24.0,13.9,27.3,111.2,50.0,100.2,157.1,398.3,24.0,62.1,52.8,218.7,53.8,146.2,79.3,213.4,323.3,719.6,537.5,507.0,149.2,50.2,88.8,250.6,247.8,282.3,348.5,676.0,71.5,250.6,160.5,340.6,134.8,459.9,136.8,345.8,611.2,756.2,769.2,602.9,268.7,102.8,130.8,217.6,356.9,325.6,512.8,731.4,119.9,273.7,188.2,282.3,167.1,455.2,174.2,446.1,409.3,910.5,424.9,531.1,841.8,826.2,858.0,756.2,1312.0,1014.0,858.0,1859.0,611.2,969.9,708.2,1014.0,969.9,858.0,1088.0,892.3,719.6,2028.0,991.5,796.7
live,2026-07-21-15-08,2026-07-21T18:35:02+09:00,1.0,40.5,0.0,40.5,81.0,0.0,5.5,4.9,32.5,53.7,10.7,12.8,46.5,183.6,8.1,17.2,19.8,96.2,110.1,100.1,118.7,388.8,158.6,396.5,336.0,566.5,42.3,29.8,129.6,227.9,135.8,220.3,309.8,367.2,71.5,180.2,220.3,341.8,236.0,421.8,413.1,600.8,396.5,583.2,619.6,901.3,81.6,80.2,118.0,367.2,138.6,190.6,287.3,388.8,151.3,206.5,431.0,521.8,220.3,267.9,472.1,521.8,901.3,762.6,521.8,762.6,46.7,93.9,93.9,181.9,75.1,208.7,157.3,200.2,127.9,200.2,388.8,374.1,129.6,140.6,260.9,291.6,314.7,275.4,826.2,639.6,287.3,279.2,295.9,210.9,367.2,431.0,550.8,639.6,330.4,367.2,535.9,639.6,267.9,305.0,566.5,325.0,944.2,901.3,762.6,944.2,483.6,991.4,600.8,944.2,660.9,683.7,660.9,1101.0,1321.0,639.6,639.6,1652.0,762.6,660.9,991.4,862.1,1321.0,1525.0,1525.0,1239.0
live,2026-07-21-12-12,2026-07-21T20:27:22+09:00,1.2,4.0,8.6,10.1,20.5,21.3,13.1,7.2,14.0,31.9,20.7,19.6,29.4,57.9,9.1,20.7,12.5,24.5,27.6,42.8,27.1,49.5,114.4,158.3,90.8,118.0,54.1,29.8,52.0,95.3,161.8,237.4,315.3,560.1,71.0,221.2,133.5,220.0,195.1,386.3,253.5,471.5,423.5,943.0,515.9,771.1,131.9,124.4,172.0,286.8,226.6,287.3,400.2,643.5,197.2,277.2,245.4,348.1,330.6,468.7,400.4,629.4,732.6,1130.0,818.9,989.8,46.9,121.7,45.5,77.1,90.4,289.7,144.4,227.8,257.2,408.2,274.0,400.0,80.2,146.6,281.0,119.7,208.0,341.5,612.6,228.7,159.0,257.0,139.4,223.7,289.3,564.6,387.2,634.1,563.8,677.7,701.5,1171.0,188.8,358.5,597.5,288.0,539.5,818.1,1111.0,439.5,575.0,1103.0,466.1,851.2,984.8,1865.0,1068.0,1610.0,1676.0,2372.0,1883.0,2446.0,648.3,993.6,1852.0,634.1,1109.0,1510.0,2052.0,598.0
live,2026-07-21-15-12,2026-07-21T20:27:45+09:00,1.0,0.0,66.7,16.6,0.0,33.3,10.9,11.9,35.8,35.6,9.6,6.4,17.9,24.4,14.2,11.3,27.0,27.1,67.1,46.8,63.0,92.8,108.1,100.4,98.7,174.5,82.3,106.0,184.5,202.8,166.8,246.0,513.8,674.6,187.9,270.8,541.6,460.0,375.2,458.1,662.4,990.6,600.8,1088.0,820.6,1570.0,42.5,26.8,52.0,66.2,140.7,146.6,396.9,361.7,59.4,157.0,165.3,153.7,177.3,377.8,274.9,401.3,291.6,650.6,333.2,704.8,71.6,61.1,106.6,108.8,132.0,253.3,367.7,264.9,104.2,238.0,259.9,238.5,246.5,330.2,269.5,312.3,319.6,486.5,439.8,569.7,302.0,244.9,302.0,311.5,547.0,563.9,802.6,999.6,371.4,691.5,552.5,833.0,533.7,865.8,578.7,516.2,947.9,1357.0,1208.0,947.9,404.2,431.2,531.2,894.0,748.0,1008.0,1008.0,1506.0,654.5,1263.0,610.9,1374.0,728.2,886.7,700.3,763.6,1088.0,1617.0,1506.0,1324.0
live,2026-07-21-20-12,2026-07-21T20:28:06+09:00,1.1,6.8,11.5,13.7,10.0,30.1,6.3,8.0,12.4,32.4,11.0,17.8,22.7,52.2,16.0,24.6,26.4,53.8,26.6,35.4,41.1,82.1,93.3,129.2,129.0,160.6,25.9,30.6,42.7,76.9,77.3,158.2,220.8,375.2,90.8,166.0,187.3,328.0,139.4,254.7,240.0,505.0,343.6,588.3,606.0,713.4,71.9,81.0,85.0,203.4,125.1,240.8,305.6,518.9,212.6,274.9,333.8,603.4,233.0,382.8,398.0,694.0,711.6,933.1,891.7,1006.0,82.4,161.2,108.7,222.2,133.6,282.0,245.9,406.0,310.6,364.0,398.5,685.6,161.7,208.5,332.3,338.7,448.7,595.7,853.9,636.1,138.1,191.5,179.1,319.5,219.8,357.6,334.6,667.7,357.1,483.3,552.5,894.6,242.5,349.6,526.7,489.2,791.5,995.7,1235.0,805.1,359.4,666.1,581.0,763.6,499.6,643.3,809.7,1021.0,939.3,891.7,1051.0,1258.0,800.5,816.8,1269.0,914.9,1059.0,1113.0,1316.0,926.9
live,2026-07-22-10-03,2026-07-22T09:11:29+09:00,1.0,0.0,5.2,0.0,0.0,0.0,11.9,17.8,32.6,47.0,9.7,15.4,20.0,22.1,36.4,31.9,46.4,69.0,44.7,39.2,47.4,106.6,142.2,76.3,111.5,176.8,56.6,115.1,127.2,168.6,89.5,129.5,185.9,207.2,278.9,161.1,402.9,402.9,148.0,213.3,381.7,1036.0,302.1,345.3,345.3,1036.0,34.7,41.6,33.7,73.2,58.4,69.0,74.7,139.4,68.4,71.1,134.3,122.9,50.3,88.4,125.0,118.8,151.0,181.3,168.6,233.9,125.0,111.5,92.9,42.4,315.3,181.3,278.9,226.6,136.8,148.0,131.8,161.1,148.0,250.0,185.9,201.4,219.7,268.6,362.6,329.6,118.8,80.5,154.3,181.3,172.6,181.3,402.9,426.6,89.5,134.3,233.9,176.8,176.8,362.6,278.9,196.0,402.9,557.8,213.3,453.2,201.4,190.8,302.1,402.9,381.7,250.0,302.1,1036.0,219.7,278.9,290.1,278.9,329.6,207.2,362.6,483.5,290.1,1208.0,381.7,381.7
live,2026-07-22-10-05,2026-07-22T10:08:45+09:00,1.0,10.5,21.0,21.0,42.0,0.0,20.1,13.4,7.2,43.7,31.3,55.4,32.0,67.1,20.4,52.3,22.6,71.3,9.9,35.3,27.7,62.5,137.7,211.5,230.0,179.5,62.3,36.3,17.8,88.0,141.0,172.9,136.9,370.2,95.9,215.4,99.1,288.9,32.7,110.7,79.5,202.5,324.5,640.3,388.4,473.8,99.5,180.8,107.7,221.4,176.8,172.9,133.8,353.6,311.7,209.6,455.6,364.5,147.1,172.9,359.0,333.7,564.1,577.9,423.1,592.3,106.7,401.6,85.5,98.3,149.9,415.6,132.3,285.4,718.0,430.8,515.1,473.8,131.6,148.0,447.0,215.4,408.5,423.1,789.8,423.1,26.6,96.3,63.3,120.8,37.1,134.6,97.1,207.8,186.5,172.9,415.6,315.9,103.4,157.9,388.4,172.9,278.7,370.2,376.1,269.2,353.6,592.3,493.6,343.4,551.0,947.7,538.5,564.1,718.0,911.3,623.5,718.0,430.8,423.1,607.5,423.1,353.6,764.3,764.3,415.6
live,2026-07-22-23-05,2026-07-22T10:09:06+09:00,1.0,4.5,9.0,0.0,0.0,0.0,22.1,8.3,59.9,92.5,23.2,16.4,98.4,157.8,3.1,11.1,72.5,36.0,83.2,103.2,162.6,228.3,188.3,202.5,153.3,511.1,92.5,42.2,153.3,210.4,145.0,223.6,357.7,447.2,58.9,188.3,447.2,429.3,151.1,325.2,564.9,894.4,564.9,766.6,596.2,1341.0,82.5,100.3,145.0,298.1,147.0,114.1,173.1,487.8,135.8,145.0,715.5,670.8,178.8,268.3,564.9,487.8,825.6,564.9,429.3,1341.0,12.1,32.3,121.9,53.1,27.5,63.1,249.6,153.3,83.2,87.2,290.0,290.0,282.4,511.1,536.6,346.2,162.6,255.5,429.3,631.3,206.4,412.8,466.6,466.6,228.3,412.8,1533.0,1341.0,715.5,397.5,715.5,511.1,825.6,894.4,564.9,1341.0,1341.0,564.9,1073.0,1533.0,275.2,1073.0,357.7,3577.0,975.7,766.6,511.1,2146.0,631.3,596.2,825.6,1533.0,383.3,298.1,631.3,1788.0,1192.0,2683.0,1533.0,2683.0
live,2026-07-22-05-05,2026-07-22T13:29:47+09:00,1.0,23.6,0.0,0.0,23.6,11.8,17.3,50.6,60.4,9.2,23.8,119.9,112.9,19.1,134.0,170.0,362.4,104.3,145.2,203.5,265.9,95.5,8.9,13.9,49.4,47.3,28.3,136.2,172.6,26.4,91.6,350.8,402.2,88.8,407.1,540.6,732.9,291.8,428.3,471.1,999.4,347.1,30.7,58.4,160.8,215.5,68.1,183.2,197.4,45.9,100.5,251.7,314.1,99.9,531.9,407.1,659.6,392.6,347.1,336.5,549.6,308.2,57.9,72.3,198.6,259.6,370.5,439.7,433.9,354.6,701.7,599.6,767.0,397.3,716.9,804.4,634.2,824.5,804.4,1063.0,916.1,767.0,610.7,347.1,767.0,433.9,374.7,329.8,559.0,323.3,701.7,492.2,1268.0,588.9,701.7,767.0,916.1,673.0,1137.0,1433.0,1570.0,1030.0,383.5,439.7,492.2,1030.0,12.1,25.5,75.4,86.3,17.4,23.9,96.4,110.3,45.7,52.4,160.1,198.6,202.3,170.8,259.6,340.0,188.4,255.6,302.5,326.5
live,2026-07-22-09-07,2026-07-22T13:30:10+09:00,4.8,2.0,3.4,8.0,12.0,8.0,24.0,28.6,82.5,35.9,19.8,24.4,48.0,21.8,42.5,53.0,92.6,34.4,115.6,116.5,192.0,144.6,92.9,84.2,127.7,196.8,57.3,64.0,166.7,83.3,61.6,61.1,110.7,50.1,72.0,87.7,223.1,94.0,259.7,209.8,304.6,344.4,108.8,104.2,142.7,416.9,22.3,24.6,49.7,20.1,40.3,42.0,65.4,35.4,43.7,45.9,55.0,30.8,82.7,90.2,85.1,60.2,59.2,49.6,53.2,76.9,118.6,148.7,182.1,156.0,115.2,115.2,209.8,94.8,153.0,133.7,138.3,115.2,200.5,176.0,176.0,186.4,169.4,163.3,171.2,221.5,293.4,257.6,356.0,372.8,356.0,243.7,360.0,340.7,264.0,266.2,288.0,251.4,356.0,502.9,323.3,352.0,576.1,932.0,406.2,586.8,227.9,204.4,555.9,555.9,247.5,185.3,320.0,586.8,163.3,157.6,275.5,377.2,364.2,348.2,401.1,576.1,502.9,1267.0,576.1,704.1
live,2026-07-22-13-08,2026-07-22T13:30:29+09:00,1.0,0.0,0.0,19.5,0.0,19.5,27.1,23.0,65.9,36.6,44.9,30.5,100.2,63.9,18.1,26.2,42.8,13.9,101.1,131.9,113.2,108.5,50.5,67.6,33.1,128.6,133.6,70.8,193.0,106.3,186.1,186.1,315.8,400.8,82.7,236.8,347.4,73.3,221.7,297.7,315.8,306.5,131.9,297.7,176.6,386.0,95.6,67.2,125.5,124.0,127.0,112.0,193.0,254.1,89.8,144.7,186.1,110.8,140.8,226.5,289.5,400.8,217.1,416.8,179.6,744.4,17.9,42.1,44.7,13.9,38.7,101.1,133.6,38.7,79.5,109.7,127.0,80.1,85.4,121.1,153.2,56.3,24.0,34.5,87.5,61.6,260.5,372.2,144.7,179.6,281.6,212.6,694.8,372.2,325.6,267.2,347.4,434.2,153.2,434.2,434.2,151.0,336.1,274.2,473.7,306.5,122.6,254.1,115.8,521.1,193.0,473.7,208.4,347.4,231.6,496.2,186.1,744.4,101.1,142.7,242.3,372.2,372.2,386.0,613.0,372.2
live,2026-07-22-14-11,2026-07-22T13:30:50+09:00,3.0,3.0,3.0,9.0,9.0,9.0,12.1,20.9,17.3,42.5,14.9,23.2,18.5,41.3,38.1,36.7,30.1,50.9,33.1,32.5,47.1,87.0,135.4,133.5,148.1,160.7,26.7,55.0,44.7,85.6,64.9,78.1,56.3,119.0,134.1,117.5,148.9,138.7,100.8,118.0,204.6,290.2,224.0,200.3,278.9,334.6,55.1,68.8,54.2,129.3,81.0,84.1,63.3,140.8,139.4,125.3,143.6,184.7,100.1,114.2,176.7,192.2,290.2,249.5,201.7,270.9,81.7,98.4,73.1,78.3,129.9,152.9,152.1,157.1,197.5,181.2,158.9,188.4,111.5,119.0,141.5,109.8,189.6,203.2,334.6,189.6,92.9,82.4,105.7,153.7,145.1,137.4,268.3,265.8,140.8,148.1,251.7,305.9,160.7,276.2,229.4,144.4,334.6,400.6,369.4,305.9,261.0,406.4,424.6,451.5,499.1,406.4,451.5,406.4,437.6,400.6,431.0,499.1,474.1,437.6,526.8,369.4,517.2,508.0,466.3,389.7
